Game,Move No,Player,Move,chess.com Classification,Played Move Classification,Played Move Standing,Played Move Evaluation,Evaluation (Before Move),Win %,Legal Moves (At Move),Game Phase,Material Advantage,Line 1 Eval,Win % (Player),Win % (Player)_scaled,Move Quality (Delta)
1,1,White,e4,book,best,1,0.43,0.47,54.5,20,Opening,0,0.43,54.5,0.545,-0.04
1,1,Black,e5,book,best,1,0.36,0.45,53.5,20,Opening,0,0.36,46.5,0.465,-0.09
1,2,White,Nf3,book,best,1,0.35,0.35,53.2,29,Opening,0,0.35,53.2,0.532,0.0
1,2,Black,Nc6,book,best,1,0.43,0.32,53.3,29,Opening,0,0.43,46.7,0.467,0.11
1,3,White,d4,book,good,3,-0.02,0.33,52.1,27,Opening,0,0.39,52.1,0.521,-0.35
1,3,Black,exd4,book,best,1,0.25,0.21,52.2,32,Opening,0,0.25,47.8,0.478,0.04
1,4,White,Nxd4,book,best,1,0.19,0.22,51.3,37,Opening,-1,0.19,51.3,0.513,-0.03
1,4,Black,Nf6,book,best,1,0.16,0.13,51.8,32,Opening,0,0.16,48.2,0.48200000000000004,0.03
1,5,White,Nxc6,book,best,1,0.15,0.18,52.0,42,Opening,0,0.15,52.0,0.52,-0.03
1,5,Black,bxc6,book,best,1,0.23,0.2,50.9,25,Opening,3,0.23,49.1,0.491,0.03
1,6,White,e5,book,excellent,3,0.14,0.09,50.6,39,Opening,0,0.19,50.6,0.506,0.05
1,6,Black,Qe7,book,best,1,0.03,0.06,50.7,25,Opening,0,0.03,49.3,0.493,-0.03
1,7,White,Qe2,book,best,1,0.11,0.07,50.9,39,Opening,0,0.11,50.9,0.509,0.04
1,7,Black,Nd5,book,best,1,0.1,0.09,50.3,26,Opening,0,0.1,49.7,0.49700000000000005,0.01
1,8,White,c4,book,best,1,-0.01,0.03,51.2,35,Opening,0,0,51.2,0.512,-0.04
1,8,Black,Qb4+,inaccuracy,good,3,0.47,0.12,56.0,31,Opening,0,0,44.0,0.44,0.35
1,9,White,Nd2,best,best,1,0.49,0.6,56.1,5,Opening,0,0.49,56.1,0.561,-0.11
1,9,Black,Nf4,great,best,1,0.44,0.61,55.7,40,Opening,0,0.44,44.3,0.44299999999999995,-0.17
1,10,White,Qe3,best,best,1,0.48,0.57,55.1,20,Opening,0,0.48,55.1,0.551,-0.09
1,10,Black,Ng6,best,best,2,0.53,0.51,56.0,43,Opening,0,0.42,44.0,0.44,0.02
1,11,White,Bd3,best,best,1,0.65,0.6,55.9,33,Opening,0,0.65,55.9,0.5589999999999999,0.05
1,11,Black,Bc5,good,good,6,0.94,0.59,60.0,37,Opening,0,0.44,40.0,0.4,0.35
1,12,White,Qg3,best,best,1,0.82,1.0,59.4,34,Opening,0,0.82,59.4,0.594,-0.18
1,12,Black,O-O,best,excellent,4,0.9,0.94,60.2,41,Opening,0,0.86,39.8,0.39799999999999996,-0.04
1,13,White,O-O,best,best,1,1.02,1.02,60.6,30,Opening,0,1.02,60.6,0.606,0.0
1,13,Black,d6,mistake,excellent,2,0.98,1.06,59.6,37,Opening,0,0.89,40.4,0.40399999999999997,-0.08
1,14,White,Nb3,great,best,1,1.04,0.96,60.2,29,Opening,0,1.04,60.2,0.602,0.08
1,14,Black,Nxe5,mistake,blunder,10,3.47,1.02,84.7,40,Opening,0,1.19,15.299999999999997,0.15299999999999997,2.45
1,15,White,a3,miss,blunder,3,0.85,3.47,60.4,34,Middlegame,-1,2.71,60.4,0.604,-2.62
1,15,Black,Qb6,best,best,1,1.02,1.04,58.5,42,Middlegame,-1,1.02,41.5,0.415,-0.02
1,16,White,Nxc5,great,best,1,1.15,0.85,58.3,34,Middlegame,-1,1.15,58.3,0.583,0.3
1,16,Black,Qxc5,best,best,1,0.96,0.83,58.4,36,Middlegame,2,0.96,41.6,0.41600000000000004,0.13
1,17,White,Be3,great,best,1,0.84,0.84,59.8,32,Middlegame,-1,0.84,59.8,0.598,0.0
1,17,Black,Qa5,best,best,1,0.68,0.98,56.3,35,Middlegame,-1,0.68,43.7,0.43700000000000006,-0.3
1,18,White,b4,best,best,1,0.71,0.63,59.7,43,Middlegame,-1,0.71,59.7,0.597,0.08
1,18,Black,Qa4,excellent,best,1,0.93,0.97,58.7,34,Middlegame,-1,0.91,41.3,0.413,-0.04
1,19,White,Bd4,good,excellent,3,0.67,0.87,59.0,41,Middlegame,-1,0.98,59.0,0.59,-0.2
1,19,Black,f6,great,best,1,0.82,0.9,56.9,35,Middlegame,-1,0.82,43.1,0.431,-0.08
1,20,White,Bxe5,mistake,inaccuracy,6,0.09,0.69,52.0,40,Middlegame,-1,0.8,52.0,0.52,-0.6
1,20,Black,fxe5,best,best,1,0.19,0.2,50.6,32,Middlegame,2,0.19,49.4,0.494,-0.01
1,21,White,f4,best,best,1,0.19,0.06,50.8,33,Middlegame,-1,0.19,50.8,0.508,0.13
1,21,Black,Bf5,best,best,1,0.18,0.08,52.0,34,Middlegame,-1,0.18,48.0,0.48,0.1
1,22,White,fxe5,excellent,best,1,0.09,0.2,51.0,33,Middlegame,-1,0.09,51.0,0.51,-0.11
1,22,Black,Bxd3,best,best,1,0.12,0.1,50.6,37,Middlegame,0,0.12,49.4,0.494,0.02
1,23,White,Qxd3,best,best,1,0.06,0.06,50.9,35,Middlegame,-3,0.07,50.9,0.509,0.0
1,23,Black,dxe5,best,best,1,0.15,0.09,50.2,33,Middlegame,0,0.15,49.8,0.498,0.06
1,24,White,Qd7,excellent,excellent,8,0.0,0.02,50.3,43,Middlegame,-1,0.08,50.3,0.503,-0.02
1,24,Black,Qb3,inaccuracy,inaccuracy,10,0.57,0.03,55.7,32,Middlegame,-1,0,44.3,0.44299999999999995,0.54
1,25,White,Qxc6,best,best,1,0.56,0.57,55.5,42,Middlegame,-1,0.56,55.5,0.555,-0.01
1,25,Black,Qe3+,best,excellent,3,0.6,0.55,55.1,38,Middlegame,0,0.58,44.9,0.449,0.05
1,26,White,Kh1,best,best,1,0.6,0.51,54.9,2,Middlegame,0,0.6,54.9,0.5489999999999999,0.09
1,26,Black,Kh8,inaccuracy,inaccuracy,10,1.1,0.49,61.0,43,Middlegame,0,0.49,39.0,0.39,0.61
1,27,White,Rfe1,inaccuracy,good,4,0.69,1.1,57.1,42,Middlegame,0,1.16,57.1,0.5710000000000001,-0.41
1,27,Black,Qc3,inaccuracy,good,4,0.84,0.71,59.1,44,Middlegame,0,0.71,40.9,0.409,0.13
1,28,White,Qxc7,best,best,1,0.78,0.91,60.6,39,Middlegame,0,0.78,60.6,0.606,-0.13
1,28,Black,Rac8,mistake,inaccuracy,9,1.65,1.06,66.5,40,Middlegame,1,0.89,33.5,0.335,0.59
1,29,White,Qxa7,best,best,1,1.77,1.65,66.7,36,Middlegame,1,1.77,66.7,0.667,0.12
1,29,Black,Rxc4,good,inaccuracy,3,2.22,1.67,72.8,40,Middlegame,2,1.67,27.200000000000003,0.272,0.55
1,30,White,h3,inaccuracy,mistake,3,1.78,2.28,63.8,37,Middlegame,1,2.34,63.8,0.638,-0.5
1,30,Black,Rcf4,mistake,mistake,9,2.68,1.38,76.8,44,Middlegame,1,1.52,23.200000000000003,0.23200000000000004,1.3
1,31,White,Qc5,good,good,2,2.04,2.68,72.2,37,Middlegame,1,2.83,72.2,0.722,-0.64
1,31,Black,Qb2,inaccuracy,mistake,5,3.35,2.22,83.0,44,Middlegame,1,2.17,17.0,0.17,1.13
1,32,White,Qxe5,best,best,1,3.51,3.3,84.7,40,Middlegame,1,3.51,84.7,0.847,0.21
1,32,Black,Qb3,good,blunder,8,6.1,3.47,95.0,39,Middlegame,2,3.56,5.0,0.05,2.63
1,33,White,Qe3,inaccuracy,blunder,5,3.28,6.0,82.8,41,Middlegame,2,6.09,82.8,0.828,-2.72
1,33,Black,Qc4,good,good,4,3.51,3.28,84.2,42,Middlegame,2,3.13,15.799999999999997,0.15799999999999997,0.23
1,34,White,Rac1,best,good,5,3.46,3.42,84.1,37,Middlegame,2,3.65,84.1,0.841,0.04
1,34,Black,Qf7,best,best,1,3.87,3.41,85.6,45,Middlegame,2,3.87,14.400000000000006,0.14400000000000004,0.46
1,35,White,Qg3,excellent,inaccuracy,10,3.53,3.56,83.4,40,Middlegame,2,3.72,83.4,0.8340000000000001,-0.03
1,35,Black,h6,best,best,1,3.18,3.34,82.4,38,Middlegame,2,3.18,17.599999999999994,0.17599999999999993,-0.16
1,36,White,b5,excellent,inaccuracy,10,3.36,3.24,77.2,38,Middlegame,2,3.63,77.2,0.772,0.12
1,36,Black,Qd5,good,inaccuracy,3,3.52,2.72,83.6,39,Middlegame,2,3.35,16.400000000000006,0.16400000000000006,0.8
1,37,White,a4,good,mistake,3,1.97,3.36,74.2,38,Middlegame,2,3.37,74.2,0.742,-1.39
1,37,Black,Rxa4,excellent,best,1,3.23,2.42,73.3,52,Middlegame,2,2.4,26.700000000000003,0.267,0.81
1,38,White,Rb1,mistake,mistake,4,1.42,2.33,64.2,42,Middlegame,1,2.7,64.2,0.642,-0.91
1,38,Black,Rf5,mistake,mistake,8,2.73,1.42,77.3,57,Middlegame,1,1.57,22.700000000000003,0.22700000000000004,1.31
1,39,White,b6,best,best,1,3.41,2.73,82.0,39,Middlegame,1,3.41,82.0,0.82,0.68
1,39,Black,Rg5,good,mistake,2,5.05,3.2,91.8,52,Middlegame,1,3.45,8.200000000000003,0.08200000000000003,1.85
1,40,White,b7,best,best,1,4.74,4.73,91.9,38,Middlegame,1,4.74,91.9,0.919,0.01
1,40,Black,Qxb7,good,blunder,11,8.01,4.76,100.0,47,Middlegame,1,5.44,0.0,0.0,3.25
1,41,White,Qxg5,good,blunder,2,4.68,8.01,90.5,39,Endgame,0,10.02,90.5,0.905,-3.33
2,1,White,e4,book,best,1,0.43,0.47,54.5,20,Opening,0,0.43,54.5,0.545,-0.04
2,1,Black,e5,book,best,1,0.36,0.45,53.5,20,Opening,0,0.36,46.5,0.465,-0.09
2,2,White,Nf3,book,best,1,0.35,0.35,53.2,29,Opening,0,0.35,53.2,0.532,0.0
2,2,Black,Nc6,book,best,1,0.43,0.32,53.3,29,Opening,0,0.43,46.7,0.467,0.11
2,3,White,Bc4,book,excellent,2,0.27,0.33,52.2,27,Opening,0,0.39,52.2,0.522,-0.06
2,3,Black,Nf6,book,best,1,0.25,0.22,52.6,31,Opening,0,0.19,47.4,0.474,0.03
2,4,White,d3,book,excellent,2,0.33,0.26,52.0,33,Opening,0,0.33,52.0,0.52,0.07
2,4,Black,Be7,book,excellent,3,0.37,0.2,54.4,29,Opening,0,0.2,45.6,0.456,0.17
2,5,White,c3,book,excellent,6,0.22,0.44,52.6,38,Opening,0,0.34,52.6,0.526,-0.22
2,5,Black,O-O,book,best,1,0.11,0.26,52.9,29,Opening,0,0.11,47.1,0.47100000000000003,-0.15
2,6,White,Be3,mistake,inaccuracy,11,-0.71,0.29,42.9,39,Opening,0,0.13,42.9,0.429,-1.0
2,6,Black,d6,inaccuracy,good,7,-0.23,-0.71,47.8,27,Opening,0,-0.66,52.2,0.522,0.48
2,7,White,Nbd2,good,excellent,4,-0.39,-0.22,46.5,44,Opening,0,-0.18,46.5,0.465,-0.17
2,7,Black,Ng4,excellent,best,1,-0.36,-0.35,45.4,29,Opening,0,-0.36,54.6,0.546,-0.01
2,8,White,O-O,good,good,8,-0.59,-0.46,43.8,42,Opening,0,-0.35,43.8,0.43799999999999994,-0.13
2,8,Black,Na5,good,best,1,-0.68,-0.62,42.7,29,Opening,0,-0.68,57.3,0.573,-0.06
2,9,White,Qe2,inaccuracy,excellent,9,-0.84,-0.73,41.6,39,Opening,0,-0.61,41.6,0.41600000000000004,-0.11
2,9,Black,Nxe3,inaccuracy,good,5,-0.42,-0.84,45.7,29,Opening,0,-0.95,54.3,0.5429999999999999,0.42
2,10,White,fxe3,good,good,2,-0.74,-0.43,42.9,35,Opening,-3,-0.35,42.9,0.429,-0.31
2,10,Black,Nxc4,best,best,1,-0.77,-0.71,42.3,26,Opening,0,-0.77,57.7,0.5770000000000001,-0.06
2,11,White,Nxc4,best,best,1,-0.75,-0.77,42.6,32,Opening,-3,-0.75,42.6,0.426,0.02
2,11,Black,f5,good,excellent,10,-0.62,-0.74,43.8,26,Opening,0,-0.8,56.2,0.562,0.12
2,12,White,exf5,excellent,best,1,-0.41,-0.62,45.1,38,Opening,0,-0.41,45.1,0.451,0.21
2,12,Black,Bxf5,best,best,1,-0.43,-0.49,44.8,27,Middlegame,1,-0.43,55.2,0.552,0.06
2,13,White,Rf2,inaccuracy,good,7,-0.77,-0.52,41.2,38,Middlegame,0,-0.64,41.2,0.41200000000000003,-0.25
2,13,Black,Qd7,good,excellent,2,-0.67,-0.88,42.5,34,Middlegame,0,-0.84,57.5,0.575,0.21
2,14,White,Raf1,good,excellent,5,-0.91,-0.75,41.8,35,Middlegame,0,-0.72,41.8,0.418,-0.16
2,14,Black,Bg4,inaccuracy,good,6,-0.61,-0.82,43.9,41,Middlegame,0,-1.08,56.1,0.561,0.21
2,15,White,h3,best,best,1,-0.52,-0.61,44.8,31,Middlegame,0,-0.52,44.8,0.44799999999999995,0.09
2,15,Black,Bh5,good,good,3,-0.27,-0.52,47.8,44,Middlegame,0,-0.52,52.2,0.522,0.25
2,16,White,Qc2,good,good,2,-0.67,-0.22,43.3,33,Middlegame,0,-0.2,43.3,0.433,-0.45
2,16,Black,Bg6,good,good,5,-0.05,-0.67,48.3,45,Middlegame,0,-0.53,51.7,0.517,0.62
2,17,White,Qb3,best,excellent,2,-0.19,-0.17,48.4,38,Middlegame,0,-0.16,48.4,0.484,-0.02
2,17,Black,Kh8,good,excellent,2,-0.15,-0.16,48.7,45,Middlegame,0,-0.24,51.3,0.513,0.01
2,18,White,e4,best,best,1,-0.16,-0.13,49.1,38,Middlegame,0,-0.16,49.1,0.491,-0.03
2,18,Black,Rab8,inaccuracy,inaccuracy,6,0.32,-0.09,53.5,43,Middlegame,0,-0.21,46.5,0.465,0.41
2,19,White,Nh4,good,best,1,0.32,0.35,53.4,38,Middlegame,0,0.32,53.4,0.534,-0.03
2,19,Black,Rxf2,best,best,1,0.19,0.34,53.6,43,Middlegame,0,0.19,46.4,0.46399999999999997,-0.15
2,20,White,Nxg6+,great,best,1,0.29,0.36,54.0,32,Middlegame,-5,0.29,54.0,0.54,-0.07
2,20,Black,hxg6,best,best,1,0.27,0.4,52.7,2,Middlegame,-2,0.27,47.3,0.473,-0.13
2,21,White,Rxf2,best,best,1,0.17,0.27,53.0,30,Middlegame,-5,0.17,53.0,0.53,-0.1
2,21,Black,Qe6,inaccuracy,good,8,0.55,0.3,55.2,31,Middlegame,0,0.28,44.8,0.44799999999999995,0.25
2,22,White,Nd2,good,excellent,6,0.46,0.52,54.6,34,Middlegame,0,0.56,54.6,0.546,-0.06
2,22,Black,Qxb3,best,best,1,0.48,0.46,54.8,32,Middlegame,0,0.48,45.2,0.452,0.02
2,23,White,Nxb3,best,best,1,0.33,0.48,54.5,24,Middlegame,-9,0.37,54.5,0.545,-0.15
2,23,Black,Bf6,excellent,best,1,0.33,0.45,54.2,21,Middlegame,0,0.33,45.8,0.45799999999999996,-0.12
2,24,White,Kf1,best,excellent,4,0.38,0.42,54.1,24,Middlegame,0,0.49,54.1,0.541,-0.04
2,24,Black,Kg8,excellent,excellent,2,0.38,0.41,54.2,20,Middlegame,0,0.31,45.8,0.45799999999999996,-0.03
2,25,White,Ke2,best,excellent,2,0.46,0.42,54.0,23,Middlegame,0,0.51,54.0,0.54,0.04
2,25,Black,Kf7,best,best,1,0.41,0.4,54.3,21,Middlegame,0,0.4,45.7,0.457,0.01
2,26,White,g4,inaccuracy,inaccuracy,11,-0.01,0.43,49.9,24,Middlegame,0,0.53,49.9,0.499,-0.44
2,26,Black,Ke6,best,best,1,0.13,-0.01,50.1,20,Middlegame,0,0.1,49.9,0.499,0.14
2,27,White,Ke3,excellent,good,11,-0.19,0.01,48.1,25,Middlegame,0,0.1,48.1,0.48100000000000004,-0.2
2,27,Black,Rh8,best,excellent,3,-0.11,-0.19,48.3,23,Middlegame,0,-0.17,51.7,0.517,0.08
2,28,White,Rf3,best,excellent,2,-0.19,-0.17,47.6,27,Middlegame,0,-0.19,47.6,0.47600000000000003,-0.02
2,28,Black,Bg5+,excellent,good,4,0.07,-0.24,50.0,28,Middlegame,0,-0.07,50.0,0.5,0.31
2,29,White,Ke2,best,best,1,0.01,0.0,50.3,4,Middlegame,0,0.01,50.3,0.503,0.01
2,29,Black,b6,best,excellent,2,0.0,0.03,50.0,31,Middlegame,0,0,50.0,0.5,-0.03
2,30,White,d4,best,best,1,0.05,0.0,50.0,24,Middlegame,0,0.05,50.0,0.5,0.05
2,30,Black,Bf4,inaccuracy,good,5,0.4,0.0,55.0,31,Middlegame,0,-0.05,45.0,0.45,0.4
2,31,White,Na1,inaccuracy,good,6,0.0,0.5,50.6,23,Middlegame,0,0.35,50.6,0.506,-0.5
2,31,Black,a5,inaccuracy,inaccuracy,7,0.62,0.06,55.6,33,Middlegame,0,0,44.4,0.444,0.56
2,32,White,a4,inaccuracy,inaccuracy,5,0.08,0.56,50.7,22,Middlegame,0,0.7,50.7,0.507,-0.48
2,32,Black,g5,inaccuracy,inaccuracy,10,0.8,0.07,59.7,31,Middlegame,0,0.05,40.3,0.40299999999999997,0.73
2,33,White,Nc2,inaccuracy,inaccuracy,2,0.06,0.97,50.0,19,Middlegame,0,0.8,50.0,0.5,-0.91
2,33,Black,Rb8,mistake,mistake,10,0.76,0.0,61.7,29,Middlegame,0,0.04,38.3,0.38299999999999995,0.76
2,34,White,c4,miss,inaccuracy,10,-0.12,1.17,49.9,22,Middlegame,0,0.82,49.9,0.499,-1.29
2,34,Black,Re8,inaccuracy,inaccuracy,8,0.34,-0.01,59.2,25,Middlegame,0,-0.17,40.8,0.408,0.35
2,35,White,Kd3,inaccuracy,good,2,0.02,0.92,49.9,25,Middlegame,0,0.32,49.9,0.499,-0.9
2,35,Black,c6,inaccuracy,good,11,0.46,-0.01,54.6,25,Middlegame,0,0,45.4,0.45399999999999996,0.47
2,36,White,b3,inaccuracy,good,2,0.07,0.46,50.7,18,Middlegame,0,0.69,50.7,0.507,-0.39
2,36,Black,d5,best,best,1,0.04,0.07,50.8,24,Middlegame,0,0.04,49.2,0.49200000000000005,-0.03
2,37,White,cxd5+,best,best,1,0.05,0.08,50.3,18,Middlegame,0,0.05,50.3,0.503,-0.03
2,37,Black,cxd5,best,best,1,0.05,0.03,50.6,25,Middlegame,1,0.05,49.4,0.494,0.02
2,38,White,exd5+,good,good,5,-0.14,0.06,47.1,17,Middlegame,0,0.1,47.1,0.47100000000000003,-0.2
2,38,Black,Kxd5,best,best,1,-0.18,-0.29,47.4,24,Middlegame,1,-0.18,52.6,0.526,0.11
2,39,White,dxe5,great,best,1,-0.29,-0.26,47.3,15,Middlegame,0,-0.29,47.3,0.473,-0.03
2,39,Black,Kxe5,best,best,1,-0.16,-0.27,47.0,23,Middlegame,1,-0.16,53.0,0.53,0.11
2,40,White,Ne3,best,best,1,-0.26,-0.3,47.1,16,Middlegame,0,-0.26,47.1,0.47100000000000003,0.04
2,40,Black,Rd8+,best,best,1,-0.21,-0.29,46.8,17,Middlegame,0,-0.21,53.2,0.532,0.08
2,41,White,Kc3,blunder,blunder,3,-5.05,-0.32,7.5,5,Middlegame,0,-0.15,7.5,0.075,-4.73
3,1,White,d4,book,excellent,2,0.37,0.47,53.6,20,Opening,0,0.43,53.6,0.536,-0.1
3,1,Black,e5,book,mistake,11,1.35,0.36,63.5,20,Opening,0,0.31,36.5,0.365,0.99
3,2,White,c4,book,mistake,6,-0.22,1.35,48.5,29,Opening,0,1.42,48.5,0.485,-1.57
3,2,Black,exd4,best,best,1,-0.07,-0.15,48.8,31,Opening,0,-0.07,51.2,0.512,0.08
3,3,White,Qxd4,best,best,1,-0.11,-0.12,49.1,30,Opening,-1,-0.11,49.1,0.491,0.01
3,3,Black,Nc6,best,best,1,-0.18,-0.09,48.6,29,Opening,0,-0.18,51.4,0.514,-0.09
3,4,White,Qd1,best,best,1,-0.09,-0.14,49.3,43,Opening,0,-0.09,49.3,0.493,0.05
3,4,Black,Nf6,best,best,1,-0.11,-0.07,48.7,32,Opening,0,-0.11,51.3,0.513,-0.04
3,5,White,Nc3,best,best,1,-0.14,-0.13,48.9,33,Opening,0,-0.14,48.9,0.489,-0.01
3,5,Black,Bb4,best,excellent,2,-0.09,-0.11,49.1,30,Opening,0,-0.09,50.9,0.509,0.02
3,6,White,Nf3,inaccuracy,inaccuracy,6,-0.91,-0.09,39.3,30,Opening,0,-0.07,39.3,0.39299999999999996,-0.82
3,6,Black,O-O,inaccuracy,inaccuracy,4,-0.12,-1.07,49.0,34,Opening,0,-1,51.0,0.51,0.95
3,7,White,Bg5,inaccuracy,inaccuracy,2,-0.66,-0.1,41.8,33,Opening,0,-0.12,41.8,0.418,-0.56
3,7,Black,d6,good,inaccuracy,3,-0.24,-0.82,47.4,30,Opening,0,-0.74,52.6,0.526,0.58
3,8,White,Qb3,good,good,7,-0.58,-0.26,43.4,36,Opening,0,-0.15,43.4,0.434,-0.32
3,8,Black,Bf5,excellent,good,7,-0.33,-0.66,45.5,34,Opening,0,-0.66,54.5,0.545,0.33
3,9,White,a3,best,best,1,-0.34,-0.45,45.3,33,Opening,0,-0.34,45.3,0.45299999999999996,0.11
3,9,Black,Bxc3+,inaccuracy,inaccuracy,2,0.08,-0.47,51.7,42,Opening,0,-0.36,48.3,0.483,0.55
3,10,White,Qxc3,best,best,1,0.15,0.17,51.4,5,Opening,-3,0.15,51.4,0.514,-0.02
3,10,Black,Re8,excellent,good,3,0.23,0.14,53.1,39,Opening,0,0.16,46.9,0.469,0.09
3,11,White,e3,excellent,good,2,0.03,0.31,49.5,41,Opening,0,0.27,49.5,0.495,-0.28
3,11,Black,Qd7,mistake,mistake,11,1.5,-0.05,65.0,43,Opening,0,0,35.0,0.35,1.55
3,12,White,Bxf6,great,great,1,1.58,1.5,66.2,39,Opening,0,1.58,66.2,0.662,0.08
3,12,Black,gxf6,best,best,1,1.54,1.62,65.8,43,Middlegame,3,1.54,34.2,0.342,-0.08
3,13,White,Qxf6,best,best,1,1.52,1.58,64.9,36,Middlegame,0,1.52,64.9,0.649,-0.06
3,13,Black,Re6,excellent,best,1,1.59,1.49,64.7,39,Middlegame,1,1.59,35.3,0.353,0.1
3,14,White,Qg5+,inaccuracy,inaccuracy,3,1.05,1.47,59.8,40,Middlegame,1,1.47,59.8,0.598,-0.42
3,14,Black,Rg6,best,best,1,1.04,0.98,59.8,4,Middlegame,1,1.04,40.2,0.402,0.06
3,15,White,Qf4,excellent,excellent,2,0.9,0.98,59.7,36,Middlegame,1,0.9,59.7,0.597,-0.08
3,15,Black,Re8,mistake,mistake,11,2.78,0.97,77.8,43,Middlegame,1,0.93,22.200000000000003,0.22200000000000003,1.81
3,16,White,Nh4,great,best,1,2.68,2.78,77.6,36,Middlegame,1,2.68,77.6,0.7759999999999999,-0.1
3,16,Black,Rf6,mistake,blunder,11,4.81,2.76,92.0,47,Middlegame,1,2.93,8.0,0.08,2.05
3,17,White,Nxf5,miss,blunder,6,2.0,4.81,69.2,33,Middlegame,1,4.56,69.2,0.6920000000000001,-2.81
3,17,Black,Rxf5,excellent,excellent,2,2.16,1.92,71.7,35,Middlegame,4,2.12,28.299999999999997,0.283,0.24
3,18,White,Qg3+,excellent,best,1,2.02,2.17,68.6,32,Middlegame,1,2.02,68.6,0.6859999999999999,-0.15
3,18,Black,Kh8,good,good,2,2.09,1.86,70.6,3,Middlegame,1,2.05,29.400000000000006,0.29400000000000004,0.23
3,19,White,Bd3,excellent,good,2,2.06,2.06,66.8,31,Middlegame,1,2.09,66.8,0.6679999999999999,0.0
3,19,Black,Rf6,inaccuracy,mistake,5,3.24,1.68,82.5,41,Middlegame,1,1.75,17.5,0.175,1.56
3,20,White,O-O,miss,blunder,8,0.8,3.25,59.2,40,Middlegame,1,3.04,59.2,0.5920000000000001,-2.45
3,20,Black,Rg8,miss,blunder,11,3.73,0.92,87.3,39,Middlegame,1,0.74,12.700000000000003,0.12700000000000003,2.81
3,21,White,Qh4,best,best,1,3.72,3.73,83.6,37,Middlegame,1,3.72,83.6,0.836,-0.01
3,21,Black,h6,inaccuracy,blunder,10,6.62,3.36,96.5,42,Middlegame,1,3.75,3.5,0.035,3.26
3,22,White,Qxf6+,best,great,1,6.33,6.59,96.0,37,Middlegame,1,6.33,96.0,0.96,-0.26
3,22,Black,Rg7,forced,best,1,6.42,6.42,96.3,1,Middlegame,6,6.42,3.700000000000003,0.037000000000000026,0.0
3,23,White,Qxh6+,excellent,inaccuracy,6,6.64,6.5,94.7,44,Middlegame,6,6.66,94.7,0.9470000000000001,0.14
3,23,Black,Kg8,best,best,1,6.55,5.86,96.1,2,Middlegame,7,6.55,3.9000000000000057,0.039000000000000055,0.69
3,24,White,Rad1,good,inaccuracy,2,5.99,6.44,95.0,40,Middlegame,7,6.73,95.0,0.95,-0.45
3,24,Black,Qg4,best,best,1,5.94,5.99,91.0,29,Middlegame,7,5.94,9.0,0.09,-0.05
3,25,White,g3,best,best,1,5.45,4.42,94.0,36,Middlegame,7,5.45,94.0,0.94,1.03
3,25,Black,Ne5,best,great,1,5.33,5.61,92.8,35,Middlegame,7,5.33,7.200000000000003,0.07200000000000002,-0.28
3,26,White,Bc2,good,good,5,5.16,5.11,92.8,36,Middlegame,7,6,92.8,0.9279999999999999,0.05
3,26,Black,Nf3+,excellent,best,1,5.58,5.1,93.2,36,Middlegame,7,4.81,6.799999999999997,0.06799999999999998,0.48
3,27,White,Kg2,mistake,blunder,2,3.21,5.26,80.3,2,Middlegame,7,4.78,80.3,0.8029999999999999,-2.05
3,27,Black,Ng5,mistake,blunder,4,6.3,3.03,95.2,35,Middlegame,7,3.11,4.799999999999997,0.04799999999999997,3.27
3,28,White,Rd4,good,mistake,3,5.64,6.06,93.9,42,Middlegame,7,7.14,93.9,0.9390000000000001,-0.42
3,28,Black,Qf3+,best,best,1,5.79,5.55,93.7,31,Middlegame,7,5.79,6.299999999999997,0.06299999999999997,0.24
3,29,White,Kg1,forced,best,1,5.49,5.49,94.0,1,Middlegame,7,5.49,94.0,0.94,0.0
3,29,Black,Qe2,good,excellent,3,5.14,5.59,94.0,31,Middlegame,7,5.14,6.0,0.06,-0.45
3,30,White,Bd1,excellent,good,3,6.17,5.59,95.3,46,Middlegame,7,6.86,95.3,0.953,0.58
3,30,Black,Nf3+,good,mistake,2,7.84,6.11,98.6,30,Middlegame,7,6.25,1.4000000000000057,0.014000000000000058,1.73
3,31,White,Kg2,great,best,1,7.31,7.43,98.2,2,Middlegame,7,7.31,98.2,0.982,-0.12
3,31,Black,Ne1+,good,blunder,11,9.55,7.29,100.0,33,Middlegame,7,7.73,0.0,0.0,2.26
3,32,White,Rxe1,best,best,1,8.92,9.55,100.0,4,Middlegame,7,8.92,100.0,1.0,-0.63
3,32,Black,Qxe1,excellent,inaccuracy,2,9.58,8.86,100.0,28,Middlegame,10,9.68,0.0,0.0,0.72
3,33,White,Bf3,good,blunder,8,8.54,9.58,98.3,39,Middlegame,5,9.79,98.3,0.983,-1.04
3,33,Black,Qa5,good,blunder,4,10.53,7.34,100.0,29,Middlegame,5,6.22,0.0,0.0,3.19
3,34,White,Qh4,good,blunder,7,7.46,10.53,97.2,41,Middlegame,5,10.86,97.2,0.972,-3.07
3,34,Black,c5,inaccuracy,mistake,2,8.32,6.86,100.0,29,Middlegame,5,6.86,0.0,0.0,1.46
3,35,White,Rxd6,good,blunder,2,8.58,8.32,100.0,38,Middlegame,5,12.83,100.0,1.0,0.26
3,35,Black,Qc7,inaccuracy,blunder,8,13.0,8.53,100.0,22,Middlegame,6,9.51,0.0,0.0,4.47
3,36,White,Qd8+,good,blunder,4,8.11,13.0,100.0,45,Middlegame,6,#8,100.0,1.0,-4.89
3,36,Black,Qxd8,best,best,1,8.79,9.07,100.0,2,Middlegame,6,8.79,0.0,0.0,-0.28
3,37,White,Rxd8+,best,best,1,7.4,8.42,100.0,33,Middlegame,-3,7.4,100.0,1.0,-1.02
3,37,Black,Kh7,forced,best,1,8.44,8.44,99.9,1,Middlegame,6,8.44,0.09999999999999432,0.0009999999999999432,0.0
3,38,White,Bxb7,best,good,2,8.05,7.95,99.1,33,Middlegame,6,8.12,99.1,0.991,0.1
3,38,Black,f5,excellent,good,5,8.06,7.64,99.9,11,Middlegame,7,7.72,0.09999999999999432,0.0009999999999999432,0.42
3,39,White,Bd5,excellent,best,1,7.86,7.96,98.7,35,Middlegame,7,8.19,98.7,0.987,-0.1
3,39,Black,Kg6,excellent,inaccuracy,9,8.68,7.46,100.0,15,Middlegame,7,8.05,0.0,0.0,1.22
3,40,White,Rg8,excellent,excellent,2,8.15,8.19,100.0,31,Middlegame,7,8.5,100.0,1.0,-0.04
3,40,Black,Rxg8,best,best,1,8.81,8.15,100.0,9,Middlegame,7,8.81,0.0,0.0,0.66
3,41,White,Bxg8,best,best,1,8.3,8.02,100.0,22,Middlegame,2,8.3,100.0,1.0,0.28
3,41,Black,Kf6,excellent,good,2,8.91,8.49,100.0,8,Middlegame,7,8.75,0.0,0.0,0.42
3,42,White,Bd5,excellent,good,3,8.8,8.56,100.0,18,Middlegame,7,9.09,100.0,1.0,0.24
3,42,Black,Ke5,excellent,inaccuracy,7,11.33,8.29,100.0,8,Middlegame,7,9.42,0.0,0.0,3.04
3,43,White,b3,excellent,good,5,8.32,8.34,100.0,22,Middlegame,7,8.99,100.0,1.0,-0.02
3,43,Black,Kd6,excellent,best,1,9.16,8.32,100.0,8,Middlegame,7,8.59,0.0,0.0,0.84
3,44,White,Kf3,best,good,3,8.91,8.74,100.0,21,Middlegame,7,8.93,100.0,1.0,0.17
3,44,Black,Ke5,excellent,best,1,8.77,8.65,100.0,8,Middlegame,7,8.77,0.0,0.0,0.12
3,45,White,h4,best,good,4,9.48,8.63,100.0,16,Middlegame,7,9.48,100.0,1.0,0.85
3,45,Black,Kf6,good,inaccuracy,5,9.78,8.54,100.0,7,Middlegame,7,8.66,0.0,0.0,1.24
3,46,White,Kf4,best,best,1,9.78,8.85,100.0,17,Middlegame,7,10.77,100.0,1.0,0.93
3,46,Black,Kg6,best,best,1,10.81,9.74,100.0,5,Middlegame,7,10.81,0.0,0.0,1.07
3,47,White,Ke5,good,inaccuracy,5,9.43,9.68,100.0,20,Middlegame,7,12.05,100.0,1.0,-0.25
3,47,Black,Kh5,inaccuracy,mistake,7,10.0,9.32,100.0,8,Middlegame,7,10.83,0.0,0.0,0.68
3,48,White,Kxf5,best,best,1,10.0,11.46,100.0,21,Middlegame,7,#16,100.0,1.0,-1.46
3,48,Black,a5,best,blunder,3,12.41,10.0,100.0,4,Endgame,8,9.95,0.0,0.0,2.41
3,49,White,e4,excellent,mistake,2,10.0,10.0,100.0,21,Endgame,8,#11,100.0,1.0,0.0
3,49,Black,a4,excellent,blunder,2,10.0,10.0,100.0,3,Endgame,8,#12,0.0,0.0,0.0
3,50,White,bxa4,excellent,blunder,2,13.0,10.0,100.0,16,Endgame,8,#8,100.0,1.0,3.0
3,50,Black,Kh6,forced,best,1,11.0,11.0,100.0,2,Endgame,9,#10,0.0,0.0,0.0
3,51,White,a5,best,blunder,2,12.0,14.0,100.0,17,Endgame,9,#7,100.0,1.0,-2.0
4,1,White,g3,book,excellent,4,0.27,0.47,52.7,20,Opening,0,0.43,52.7,0.527,-0.2
4,1,Black,d6,good,excellent,7,0.42,0.27,53.8,20,Opening,0,0.26,46.2,0.462,0.15
4,2,White,Bg2,excellent,excellent,4,0.37,0.38,53.7,21,Opening,0,0.41,53.7,0.537,-0.01
4,2,Black,Nf6,good,best,1,0.35,0.37,54.9,27,Opening,0,0.32,45.1,0.451,-0.02
4,3,White,Nf3,good,excellent,3,0.35,0.49,54.5,27,Opening,0,0.5,54.5,0.545,-0.14
4,3,Black,c6,excellent,excellent,5,0.57,0.45,54.8,30,Opening,0,0.48,45.2,0.452,0.12
4,4,White,O-O,excellent,excellent,3,0.48,0.48,54.9,26,Opening,0,0.48,54.9,0.5489999999999999,0.0
4,4,Black,Qc7,good,good,11,0.8,0.49,58.0,31,Opening,0,0.5,42.0,0.42,0.31
4,5,White,c3,good,good,7,0.44,0.8,54.6,25,Opening,0,0.8,54.6,0.546,-0.36
4,5,Black,e5,best,excellent,2,0.46,0.46,54.6,32,Opening,0,0.46,45.4,0.45399999999999996,0.0
4,6,White,d4,excellent,good,3,0.19,0.46,51.5,26,Opening,0,0.45,51.5,0.515,-0.27
4,6,Black,Bg4,good,good,7,0.69,0.15,57.2,35,Opening,0,0.18,42.8,0.428,0.54
4,7,White,dxe5,inaccuracy,inaccuracy,4,0.05,0.72,50.5,33,Opening,0,0.77,50.5,0.505,-0.67
4,7,Black,dxe5,best,best,1,0.08,0.05,50.2,36,Opening,1,0.08,49.8,0.498,0.03
4,8,White,Bg5,inaccuracy,inaccuracy,11,-0.43,0.02,45.7,37,Opening,0,0.1,45.7,0.457,-0.45
4,8,Black,Nbd7,best,best,1,-0.45,-0.43,45.3,37,Opening,0,-0.45,54.7,0.547,-0.02
4,9,White,Qa4,good,good,11,-0.73,-0.47,42.7,38,Opening,0,-0.48,42.7,0.42700000000000005,-0.26
4,9,Black,Be7,good,good,5,-0.64,-0.73,44.6,39,Opening,0,-0.75,55.4,0.5539999999999999,0.09
4,10,White,Bxf6,good,good,6,-0.76,-0.54,42.2,43,Opening,0,-0.57,42.2,0.42200000000000004,-0.22
4,10,Black,Nxf6,best,best,1,-0.8,-0.78,42.6,43,Opening,3,-0.8,57.4,0.574,-0.02
4,11,White,Nbd2,best,excellent,2,-0.69,-0.74,42.9,37,Opening,0,-0.69,42.9,0.429,0.05
4,11,Black,O-O,best,best,1,-0.77,-0.71,43.3,44,Opening,0,-0.77,56.7,0.5670000000000001,-0.06
4,12,White,e3,excellent,good,9,-0.95,-0.67,40.8,43,Opening,0,-0.71,40.8,0.408,-0.28
4,12,Black,Rad8,good,excellent,3,-0.74,-0.92,42.1,43,Opening,0,-0.9,57.9,0.579,0.18
4,13,White,Ne4,inaccuracy,good,9,-0.88,-0.79,38.0,42,Opening,0,-0.71,38.0,0.38,-0.09
4,13,Black,Bxf3,mistake,inaccuracy,10,0.14,-1.2,50.4,44,Opening,0,-0.95,49.6,0.496,1.34
4,14,White,Bxf3,excellent,excellent,2,-0.07,0.04,49.6,36,Middlegame,-3,0.1,49.6,0.496,-0.11
4,14,Black,Nxe4,good,excellent,3,0.02,-0.04,50.6,38,Middlegame,0,-0.06,49.4,0.494,0.06
4,15,White,Bxe4,excellent,excellent,2,0.09,0.06,50.2,37,Middlegame,-3,0.18,50.2,0.502,0.03
4,15,Black,f5,excellent,excellent,7,0.14,0.02,51.2,37,Middlegame,0,0.07,48.8,0.488,0.12
4,16,White,Bc2,best,excellent,2,0.13,0.12,51.5,40,Middlegame,0,0.13,51.5,0.515,0.01
4,16,Black,Bd6,excellent,excellent,5,0.13,0.15,51.8,40,Middlegame,0,0.07,48.2,0.48200000000000004,-0.02
4,17,White,Qxa7,blunder,blunder,11,-3.14,0.18,18.6,40,Middlegame,0,0.24,18.6,0.18600000000000003,-3.32
4,17,Black,f4,miss,blunder,3,0.71,-3.14,56.4,30,Middlegame,1,-3.36,43.6,0.436,3.85
4,18,White,exf4,good,inaccuracy,2,0.26,0.64,51.8,41,Middlegame,1,0.59,51.8,0.518,-0.38
4,18,Black,exf4,best,best,1,0.23,0.18,52.2,32,Middlegame,2,0.23,47.8,0.478,0.05
4,19,White,Bb3+,good,good,5,0.0,0.22,50.0,40,Middlegame,1,0.19,50.0,0.5,-0.22
4,19,Black,Kh8,best,best,1,-0.07,0.0,49.7,3,Middlegame,1,-0.07,50.3,0.503,-0.07
4,20,White,Qa4,inaccuracy,mistake,6,-0.81,-0.03,44.8,37,Middlegame,1,-0.15,44.8,0.44799999999999995,-0.78
4,20,Black,fxg3,inaccuracy,best,1,-0.84,-0.52,45.1,31,Middlegame,1,-0.84,54.9,0.5489999999999999,-0.32
4,21,White,fxg3,best,best,1,-0.74,-0.49,47.6,39,Middlegame,0,-0.74,47.6,0.47600000000000003,-0.25
4,21,Black,Bc5+,good,mistake,4,0.36,-0.24,53.4,35,Middlegame,1,-0.63,46.6,0.466,0.6
4,22,White,Kh1,best,best,1,0.31,0.34,53.4,4,Middlegame,1,0.31,53.4,0.534,-0.03
4,22,Black,Qb6,mistake,inaccuracy,11,1.04,0.34,60.4,47,Middlegame,1,0.37,39.6,0.396,0.7
4,23,White,Qc4,miss,good,10,0.65,1.04,55.5,43,Middlegame,1,0.97,55.5,0.555,-0.39
4,23,Black,Bf2,best,best,1,0.63,0.55,54.9,39,Middlegame,1,0.63,45.1,0.451,0.08
4,24,White,Rad1,excellent,best,1,0.57,0.49,55.2,36,Middlegame,1,0.57,55.2,0.552,0.08
4,24,Black,Qe3,excellent,excellent,2,0.57,0.52,54.9,39,Middlegame,1,0.57,45.1,0.451,0.05
4,25,White,Rxd8,blunder,best,1,-20.0,0.49,0.0,39,Middlegame,1,0.53,0.0,0.0,-20.49
4,25,Black,Qf3#,best,best,1,-21.0,-20.0,0.0,33,Middlegame,6,,100.0,1.0,-1.0
5,1,White,d3,book,inaccuracy,10,-0.06,0.47,48.4,20,Opening,0,0.43,48.4,0.484,-0.53
5,1,Black,d5,book,excellent,3,-0.08,-0.16,49.6,20,Opening,0,-0.09,50.4,0.504,0.08
5,2,White,Nf3,book,best,1,-0.1,-0.04,48.6,27,Opening,0,-0.07,48.6,0.486,-0.06
5,2,Black,c5,excellent,good,4,0.05,-0.14,50.7,28,Opening,0,-0.12,49.3,0.493,0.19
5,3,White,c3,good,good,5,-0.36,0.07,46.5,30,Opening,0,0.14,46.5,0.465,-0.43
5,3,Black,Nc6,excellent,excellent,2,-0.27,-0.35,47.7,30,Opening,0,-0.39,52.3,0.523,0.08
5,4,White,Qc2,good,good,10,-0.78,-0.23,42.1,31,Opening,0,-0.23,42.1,0.42100000000000004,-0.55
5,4,Black,e5,best,excellent,2,-0.78,-0.79,43.0,33,Opening,0,-0.78,57.0,0.57,0.01
5,5,White,e4,best,excellent,4,-0.69,-0.7,42.4,32,Opening,0,-0.69,42.4,0.424,0.01
5,5,Black,d4,excellent,excellent,4,-0.58,-0.76,44.1,40,Opening,0,-0.75,55.9,0.5589999999999999,0.18
5,6,White,Be2,good,excellent,2,-0.62,-0.59,45.2,33,Opening,0,-0.62,45.2,0.452,-0.03
5,6,Black,f5,mistake,mistake,11,0.47,-0.48,54.7,39,Opening,0,-0.67,45.3,0.45299999999999996,0.95
5,7,White,Bg5,inaccuracy,inaccuracy,9,-0.19,0.47,48.1,36,Opening,0,0.58,48.1,0.48100000000000004,-0.66
5,7,Black,Be7,best,best,1,-0.25,-0.19,48.0,34,Opening,0,-0.25,52.0,0.52,-0.06
5,8,White,Bxe7,best,best,1,-0.22,-0.2,49.1,39,Opening,0,-0.22,49.1,0.491,-0.02
5,8,Black,Qxe7,good,excellent,2,0.0,-0.09,50.4,32,Opening,3,-0.26,49.6,0.496,0.09
5,9,White,Nbd2,excellent,good,2,0.06,0.04,48.4,32,Opening,0,0.16,48.4,0.484,0.02
5,9,Black,Nf6,excellent,good,3,-0.02,-0.16,52.1,35,Opening,0,-0.26,47.9,0.479,0.14
5,10,White,O-O,best,excellent,2,0.17,0.21,49.1,36,Opening,0,0.21,49.1,0.491,-0.04
5,10,Black,O-O,best,best,1,0.18,-0.09,50.2,39,Opening,0,0.18,49.8,0.498,0.27
5,11,White,Nc4,mistake,mistake,11,-1.24,0.02,37.6,34,Opening,0,0.03,37.6,0.376,-1.26
5,11,Black,b5,inaccuracy,inaccuracy,2,-0.8,-1.24,42.4,36,Opening,0,-1.41,57.6,0.5760000000000001,0.44
5,12,White,Ncd2,best,best,1,-0.51,-0.76,44.2,39,Opening,0,-0.51,44.2,0.442,0.25
5,12,Black,Bb7,miss,mistake,4,0.59,-0.58,55.9,39,Opening,0,-0.57,44.1,0.441,1.17
5,13,White,a4,inaccuracy,inaccuracy,3,0.08,0.59,51.7,34,Opening,0,0.65,51.7,0.517,-0.51
5,13,Black,a6,mistake,inaccuracy,5,0.96,0.17,59.6,42,Opening,0,0,40.4,0.40399999999999997,0.79
5,14,White,Ne1,miss,blunder,11,-1.52,0.96,34.8,35,Opening,0,1.06,34.8,0.348,-2.48
5,14,Black,Rac8,blunder,mistake,10,0.5,-1.52,55.0,42,Opening,0,-1.59,45.0,0.45,2.02
5,15,White,f4,miss,mistake,10,-1.44,0.5,35.6,32,Opening,0,0.5,35.6,0.35600000000000004,-1.94
5,15,Black,fxe4,best,best,1,-1.48,-1.44,33.6,40,Opening,0,-1.48,66.4,0.664,-0.04
5,16,White,dxe4,inaccuracy,inaccuracy,4,-2.44,-1.64,29.6,36,Opening,-1,-1.45,29.6,0.29600000000000004,-0.8
5,16,Black,exf4,miss,mistake,5,-0.81,-2.04,43.9,40,Opening,0,-2.31,56.1,0.561,1.23
5,17,White,Rxf4,miss,mistake,3,-2.24,-0.61,25.6,39,Middlegame,-1,-0.59,25.6,0.256,-1.63
5,17,Black,Qd6,good,excellent,2,-2.12,-2.44,29.3,42,Middlegame,0,-2.41,70.7,0.7070000000000001,0.32
5,18,White,Rh4,good,inaccuracy,4,-2.81,-2.07,22.5,46,Middlegame,0,-2.27,22.5,0.225,-0.74
5,18,Black,c4,best,best,1,-2.8,-2.75,23.0,45,Middlegame,0,-2.8,77.0,0.77,-0.05
5,19,White,Qd1,good,inaccuracy,8,-3.8,-2.7,12.7,42,Middlegame,0,-2.58,12.7,0.127,-1.1
5,19,Black,d3,excellent,best,1,-3.8,-3.73,13.2,47,Middlegame,0,-3.8,86.8,0.868,-0.07
5,20,White,Bh5,best,best,1,-3.83,-3.68,9.9,38,Middlegame,0,-3.7,9.9,0.099,-0.15
5,20,Black,Qe7,excellent,inaccuracy,8,-3.32,-4.05,16.8,45,Middlegame,0,-4.1,83.2,0.8320000000000001,0.73
5,21,White,Qf3,good,mistake,9,-4.08,-3.32,9.8,39,Middlegame,0,-3.23,9.8,0.098,-0.76
5,21,Black,Nd5,miss,blunder,11,-1.62,-4.08,33.8,41,Middlegame,0,-4.41,66.2,0.662,2.46
5,22,White,Qh3,mistake,mistake,3,-3.18,-1.62,18.1,44,Middlegame,0,-1.46,18.1,0.18100000000000002,-1.56
5,22,Black,Nf4,great,best,1,-3.28,-3.19,17.0,51,Middlegame,0,-3.28,83.0,0.83,-0.09
5,23,White,Qg4,inaccuracy,inaccuracy,2,-4.28,-3.3,9.4,41,Middlegame,0,-3.29,9.4,0.094,-0.98
5,23,Black,Qf6,inaccuracy,mistake,11,-2.9,-4.23,21.0,47,Middlegame,0,-4.4,79.0,0.79,1.33
5,24,White,Nef3,best,good,2,-2.96,-2.9,23.5,40,Middlegame,0,-2.57,23.5,0.235,-0.06
5,24,Black,Ne5,excellent,best,1,-2.65,-2.65,22.0,44,Middlegame,0,-2.65,78.0,0.78,0.0
5,25,White,Nxe5,best,best,1,-3.15,-2.8,20.5,38,Middlegame,0,-3.15,20.5,0.205,-0.35
5,25,Black,Ne2+,good,inaccuracy,2,-2.07,-2.95,29.8,41,Middlegame,3,-2.73,70.2,0.7020000000000001,0.88
5,26,White,Kh1,best,great,1,-2.04,-2.02,29.6,2,Middlegame,3,-2.04,29.6,0.29600000000000004,-0.02
5,26,Black,Qxe5,great,best,1,-1.96,-2.04,30.1,44,Middlegame,3,-1.96,69.9,0.6990000000000001,0.08
5,27,White,Nf3,best,excellent,2,-1.96,-1.99,26.5,35,Middlegame,0,-1.96,26.5,0.265,0.03
5,27,Black,Qf6,excellent,best,1,-2.28,-2.35,28.4,50,Middlegame,0,-2.32,71.6,0.716,0.07
5,28,White,Qd7,good,best,1,-2.34,-2.16,26.1,35,Middlegame,0,-2.34,26.1,0.261,-0.18
5,28,Black,Bc6,best,best,1,-2.2,-2.39,27.0,45,Middlegame,0,-2.2,73.0,0.73,0.19
5,29,White,Qg4,good,inaccuracy,4,-2.62,-2.3,23.9,47,Middlegame,0,-2.36,23.9,0.239,-0.32
5,29,Black,Bb7,good,inaccuracy,6,-2.27,-2.61,28.4,43,Middlegame,0,-2.7,71.6,0.716,0.34
5,30,White,e5,excellent,good,3,-2.55,-2.16,23.6,35,Middlegame,0,-2.34,23.6,0.23600000000000002,-0.39
5,30,Black,Qe7,best,best,1,-2.34,-2.64,25.4,44,Middlegame,0,-2.34,74.6,0.746,0.3
5,31,White,Qh3,inaccuracy,inaccuracy,4,-3.17,-2.46,18.3,37,Middlegame,0,-2.63,18.3,0.183,-0.71
5,31,Black,Bxf3,miss,blunder,11,-0.94,-3.17,40.6,47,Middlegame,0,-3.24,59.4,0.594,2.23
5,32,White,gxf3,miss,blunder,2,-3.08,-0.94,18.2,31,Middlegame,-3,-0.68,18.2,0.182,-2.14
5,32,Black,Qxe5,best,best,1,-2.94,-3.18,19.1,44,Middlegame,0,-2.94,80.9,0.809,0.24
5,33,White,Bg4,inaccuracy,mistake,4,-4.78,-3.09,8.0,31,Middlegame,-1,-3.13,8.0,0.08,-1.69
5,33,Black,h6,blunder,blunder,5,2.63,-4.78,76.3,49,Middlegame,-1,-4.78,23.700000000000003,0.23700000000000002,7.41
5,34,White,Bxc8,best,best,1,2.71,2.63,76.6,24,Middlegame,-1,2.71,76.6,0.7659999999999999,0.08
5,34,Black,Rxc8,mistake,blunder,11,5.1,2.66,92.8,43,Middlegame,4,2.88,7.200000000000003,0.07200000000000002,2.44
5,35,White,Qxc8+,best,best,1,5.07,5.1,92.9,29,Middlegame,1,5.07,92.9,0.929,-0.03
5,35,Black,Kh7,best,best,1,5.7,5.15,90.8,3,Middlegame,6,5.7,9.200000000000003,0.09200000000000003,0.55
5,36,White,Rg4,excellent,mistake,10,4.47,4.33,91.2,41,Middlegame,6,5.44,91.2,0.912,0.14
5,36,Black,Qd5,excellent,good,2,5.18,4.46,91.8,32,Middlegame,6,4.49,8.200000000000003,0.08200000000000003,0.72
5,37,White,Qc7,excellent,good,2,4.44,4.71,91.0,42,Middlegame,6,5.04,91.0,0.91,-0.27
5,37,Black,Qxf3+,best,best,1,4.33,4.4,91.7,30,Middlegame,6,4.33,8.299999999999997,0.08299999999999998,-0.07
5,38,White,Rg2,forced,best,1,4.67,4.67,91.1,1,Middlegame,5,4.67,91.1,0.9109999999999999,0.0
6,1,White,d3,book,inaccuracy,10,-0.06,0.47,48.4,20,Opening,0,0.43,48.4,0.484,-0.53
6,1,Black,d5,book,excellent,3,-0.08,-0.16,49.6,20,Opening,0,-0.09,50.4,0.504,0.08
6,2,White,Nf3,book,best,1,-0.1,-0.04,48.6,27,Opening,0,-0.07,48.6,0.486,-0.06
6,2,Black,Nc6,excellent,excellent,2,0.05,-0.14,51.0,28,Opening,0,-0.12,49.0,0.49,0.19
6,3,White,c3,excellent,good,5,-0.3,0.1,47.1,30,Opening,0,0.05,47.1,0.47100000000000003,-0.4
6,3,Black,e5,excellent,best,1,-0.2,-0.29,47.5,29,Opening,0,-0.2,52.5,0.525,0.09
6,4,White,Qa4,good,good,5,-0.46,-0.25,45.2,31,Opening,0,-0.26,45.2,0.452,-0.21
6,4,Black,Bd7,best,best,1,-0.47,-0.48,45.3,34,Opening,0,-0.49,54.7,0.547,0.01
6,5,White,Qc2,best,excellent,3,-0.44,-0.47,45.2,43,Opening,0,-0.41,45.2,0.452,0.03
6,5,Black,Nf6,excellent,best,1,-0.45,-0.48,45.2,39,Opening,0,-0.5,54.8,0.5479999999999999,0.03
6,6,White,e4,best,best,1,-0.51,-0.48,45.4,32,Opening,0,-0.51,45.4,0.45399999999999996,-0.03
6,6,Black,dxe4,inaccuracy,inaccuracy,11,0.15,-0.46,51.5,36,Opening,0,-0.48,48.5,0.485,0.61
6,7,White,dxe4,best,best,1,0.2,0.15,51.5,34,Opening,-1,0.2,51.5,0.515,0.05
6,7,Black,Bc5,excellent,best,1,0.11,0.15,51.2,35,Opening,0,0.11,48.8,0.488,-0.04
6,8,White,Bg5,inaccuracy,inaccuracy,7,-0.37,0.12,45.4,37,Opening,0,0.11,45.4,0.45399999999999996,-0.49
6,8,Black,h6,best,best,1,-0.6,-0.46,44.7,41,Opening,0,-0.6,55.3,0.5529999999999999,-0.14
6,9,White,Bh4,best,best,1,-0.54,-0.53,44.6,39,Opening,0,-0.54,44.6,0.446,-0.01
6,9,Black,O-O,good,good,4,-0.25,-0.54,49.0,43,Opening,0,-0.54,51.0,0.51,0.29
6,10,White,Nbd2,excellent,best,1,-0.18,-0.1,48.5,34,Opening,0,-0.18,48.5,0.485,-0.08
6,10,Black,g5,good,good,5,0.07,-0.15,51.8,41,Opening,0,-0.08,48.2,0.48200000000000004,0.22
6,11,White,Bg3,best,best,1,0.17,0.18,51.6,35,Opening,0,0.17,51.6,0.516,-0.01
6,11,Black,Be6,inaccuracy,inaccuracy,4,0.76,0.16,57.6,41,Opening,0,0.13,42.4,0.424,0.6
6,12,White,Nxe5,miss,blunder,11,-1.73,0.76,32.7,36,Opening,0,0.56,32.7,0.327,-2.49
6,12,Black,Nxe5,best,best,1,-1.96,-1.73,33.1,52,Opening,1,-1.96,66.9,0.669,-0.23
6,13,White,Bxe5,best,best,1,-1.84,-1.69,32.2,34,Opening,-2,-1.84,32.2,0.322,-0.15
6,13,Black,Bd6,mistake,blunder,9,1.28,-1.78,63.1,47,Middlegame,1,-1.76,36.9,0.369,3.06
6,14,White,Nc4,miss,mistake,6,0.13,1.31,51.1,38,Middlegame,1,1.25,51.1,0.511,-1.18
6,14,Black,Bxe5,best,great,1,0.16,0.11,51.3,38,Middlegame,1,0.16,48.7,0.48700000000000004,0.05
6,15,White,Nxe5,best,best,1,0.07,0.13,51.0,32,Middlegame,-2,0.07,51.0,0.51,-0.06
6,15,Black,Re8,best,best,1,0.14,0.1,52.1,41,Middlegame,1,0.14,47.9,0.479,0.04
6,16,White,Rd1,good,good,4,-0.13,0.21,48.0,37,Middlegame,1,0.08,48.0,0.48,-0.34
6,16,Black,Qe7,best,best,1,-0.15,-0.2,48.1,41,Middlegame,1,-0.15,51.9,0.519,0.05
6,17,White,Bc4,best,excellent,2,-0.24,-0.19,47.3,44,Middlegame,1,-0.03,47.3,0.473,-0.05
6,17,Black,Nxe4,brilliant,good,8,0.06,-0.27,50.6,39,Middlegame,1,-0.18,49.4,0.494,0.33
6,18,White,Qxe4,blunder,blunder,4,-2.29,0.06,27.4,48,Middlegame,0,0.03,27.4,0.27399999999999997,-2.35
6,18,Black,Bxc4,great,great,1,-2.25,-2.26,27.4,35,Middlegame,3,-2.25,72.6,0.726,0.01
6,19,White,Qxc4,best,best,1,-2.27,-2.26,29.0,48,Middlegame,0,-2.27,29.0,0.29,-0.01
6,19,Black,Qxe5+,best,best,1,-2.2,-2.1,28.4,29,Middlegame,3,-2.2,71.6,0.716,-0.1
6,20,White,Kf1,mistake,blunder,2,-4.18,-2.16,13.9,4,Middlegame,0,-2.1,13.9,0.139,-2.02
6,20,Black,Rad8,great,best,1,-3.54,-3.61,15.8,41,Middlegame,0,-3.54,84.2,0.8420000000000001,0.07
6,21,White,Rxd8,mistake,best,1,-20.0,-3.42,0.0,41,Middlegame,0,-3.64,0.0,0.0,-16.58
6,21,Black,Rxd8,miss,best,1,-1.71,-20.0,28.3,34,Middlegame,5,#-1,71.7,0.7170000000000001,18.29
6,22,White,g3,best,best,1,-2.25,-2.17,31.8,30,Middlegame,0,-2.25,31.8,0.318,-0.08
6,22,Black,b5,inaccuracy,inaccuracy,6,-1.7,-1.82,34.3,44,Middlegame,0,-2.02,65.7,0.657,0.12
6,23,White,Qg4,mistake,inaccuracy,3,-2.54,-1.57,23.9,29,Middlegame,0,-1.66,23.9,0.239,-0.97
6,23,Black,h5,miss,blunder,11,-0.08,-2.61,49.2,42,Middlegame,0,-4.88,50.8,0.508,2.53
6,24,White,Qxh5,best,best,1,-0.09,-0.08,49.2,29,Middlegame,0,-0.09,49.2,0.49200000000000005,-0.01
6,24,Black,Rd1+,blunder,blunder,11,5.61,-0.08,94.0,40,Middlegame,1,-0.09,6.0,0.06,5.69
6,25,White,Qxd1,best,best,1,5.65,5.61,95.0,2,Middlegame,1,5.65,95.0,0.95,0.04
7,1,White,d3,book,inaccuracy,10,-0.06,0.47,48.4,20,Opening,0,0.43,48.4,0.484,-0.53
7,1,Black,e5,book,excellent,5,-0.01,-0.16,49.8,20,Opening,0,-0.09,50.2,0.502,0.15
7,2,White,Nf3,best,best,1,0.09,-0.02,50.9,27,Opening,0,0.09,50.9,0.509,0.11
7,2,Black,Nc6,best,best,1,0.08,0.09,50.5,30,Opening,0,0.08,49.5,0.495,-0.01
7,3,White,c3,good,excellent,4,-0.19,0.05,48.0,30,Opening,0,0.02,48.0,0.48,-0.24
7,3,Black,d5,best,excellent,3,-0.23,-0.2,47.5,32,Opening,0,-0.25,52.5,0.525,-0.03
7,4,White,Qa4,excellent,good,5,-0.46,-0.25,45.2,31,Opening,0,-0.26,45.2,0.452,-0.21
7,4,Black,Bd7,excellent,best,1,-0.47,-0.48,45.3,34,Opening,0,-0.49,54.7,0.547,0.01
7,5,White,Qc2,best,excellent,3,-0.44,-0.47,45.2,43,Opening,0,-0.41,45.2,0.452,0.03
7,5,Black,Nf6,best,best,1,-0.45,-0.48,45.2,39,Opening,0,-0.5,54.8,0.5479999999999999,0.03
7,6,White,e4,best,best,1,-0.51,-0.48,45.4,32,Opening,0,-0.51,45.4,0.45399999999999996,-0.03
7,6,Black,dxe4,good,inaccuracy,11,0.15,-0.46,51.5,36,Opening,0,-0.48,48.5,0.485,0.61
7,7,White,dxe4,best,best,1,0.2,0.15,51.5,34,Opening,-1,0.2,51.5,0.515,0.05
7,7,Black,Bg4,excellent,good,8,0.35,0.15,53.5,35,Opening,0,0.11,46.5,0.465,0.2
7,8,White,Be2,excellent,excellent,2,0.27,0.35,52.9,34,Opening,0,0.33,52.9,0.529,-0.08
7,8,Black,Bh5,good,good,6,0.54,0.29,55.9,45,Opening,0,0.28,44.1,0.441,0.25
7,9,White,Bg5,good,excellent,6,0.4,0.59,54.3,37,Opening,0,0.54,54.3,0.5429999999999999,-0.19
7,9,Black,Be7,excellent,good,4,0.44,0.43,55.8,39,Opening,0,0.33,44.2,0.442,0.01
7,10,White,Nbd2,excellent,good,5,0.44,0.58,53.5,39,Opening,0,0.53,53.5,0.535,-0.14
7,10,Black,Bg6,good,good,9,0.8,0.35,57.9,38,Opening,0,0.43,42.1,0.42100000000000004,0.45
7,11,White,O-O-O,good,inaccuracy,11,0.13,0.79,51.3,43,Opening,0,0.83,51.3,0.513,-0.66
7,11,Black,O-O,inaccuracy,inaccuracy,5,1.24,0.13,61.5,39,Opening,0,0.15,38.5,0.385,1.11
7,12,White,h4,good,good,2,0.9,1.15,58.8,39,Opening,0,1.26,58.8,0.588,-0.25
7,12,Black,h6,excellent,excellent,2,0.97,0.88,60.9,36,Opening,0,0.82,39.1,0.391,0.09
7,13,White,Be3,inaccuracy,mistake,5,0.21,1.09,48.7,39,Opening,0,0.93,48.7,0.48700000000000004,-0.88
7,13,Black,Ng4,good,excellent,2,0.14,-0.13,51.4,38,Opening,0,-0.27,48.6,0.486,0.27
7,14,White,Nc4,good,inaccuracy,7,0.04,0.14,46.0,42,Opening,0,0.05,46.0,0.46,-0.1
7,14,Black,Nxe3,mistake,mistake,5,0.88,-0.4,59.5,41,Opening,0,-0.32,40.5,0.405,1.28
7,15,White,fxe3,good,good,2,0.77,0.95,57.2,45,Opening,-3,0.94,57.2,0.5720000000000001,-0.18
7,15,Black,Qe8,excellent,good,3,0.72,0.72,59.0,37,Opening,0,0.72,41.0,0.41,0.0
7,16,White,Nfxe5,excellent,excellent,2,0.75,0.9,57.2,44,Opening,0,0.85,57.2,0.5720000000000001,-0.15
7,16,Black,Nxe5,excellent,excellent,2,0.91,0.72,57.7,34,Middlegame,1,0.57,42.3,0.423,0.19
7,17,White,Nxe5,best,best,1,0.84,0.77,59.5,40,Middlegame,-2,0.84,59.5,0.595,0.07
7,17,Black,Rd8,inaccuracy,good,4,1.25,0.95,63.5,33,Middlegame,1,0.85,36.5,0.365,0.3
7,18,White,g4,mistake,blunder,11,-0.8,1.35,42.0,45,Middlegame,1,1.27,42.0,0.42,-2.15
7,18,Black,f6,miss,blunder,11,2.58,-0.8,75.8,36,Middlegame,1,-0.85,24.200000000000003,0.24200000000000002,3.38
7,19,White,Rxd8,best,excellent,2,2.49,2.58,74.6,41,Middlegame,1,2.51,74.6,0.746,-0.09
7,19,Black,Qxd8,mistake,blunder,3,6.25,2.46,96.0,28,Middlegame,6,2.71,4.0,0.04,3.79
7,20,White,Nxg6,great,great,1,6.39,6.38,96.0,34,Middlegame,1,6.39,96.0,0.96,0.01
7,20,Black,Rf7,excellent,best,1,6.8,6.39,96.4,27,Middlegame,4,6.71,3.5999999999999943,0.03599999999999994,0.41
7,21,White,Bc4,excellent,good,2,6.62,6.56,96.8,33,Middlegame,4,6.81,96.8,0.968,0.06
7,21,Black,Qd7,good,good,4,7.7,6.74,99.3,26,Middlegame,4,6.69,0.7000000000000028,0.007000000000000029,0.96
7,22,White,Qb3,excellent,mistake,7,7.39,7.7,98.7,38,Middlegame,4,7.68,98.7,0.987,-0.31
7,22,Black,Qxg4,mistake,blunder,11,18.0,7.48,100.0,30,Middlegame,4,7.84,0.0,0.0,10.52
7,23,White,Bxf7+,best,best,1,18.0,18.0,100.0,34,Middlegame,3,#3,100.0,1.0,0.0
7,23,Black,Kh7,forced,best,1,19.0,19.0,100.0,1,Middlegame,8,#2,0.0,0.0,0.0
7,24,White,Bg8+,best,best,1,19.0,19.0,100.0,35,Middlegame,8,#2,100.0,1.0,0.0
7,24,Black,Kxg6,forced,best,1,20.0,20.0,100.0,1,Middlegame,8,#1,0.0,0.0,0.0
7,25,White,Qf7#,best,best,1,-21.0,-20.0,0.0,31,Middlegame,5,,0.0,0.0,-1.0
8,1,White,e4,book,best,1,0.43,0.47,54.5,20,Opening,0,0.43,54.5,0.545,-0.04
8,1,Black,d6,book,good,6,0.53,0.45,56.2,20,Opening,0,0.36,43.8,0.43799999999999994,0.08
8,2,White,d4,book,best,1,0.52,0.62,55.1,30,Opening,0,0.52,55.1,0.551,-0.1
8,2,Black,Nf6,book,best,1,0.55,0.51,55.5,27,Opening,0,0.55,44.5,0.445,0.04
8,3,White,Nc3,book,best,1,0.53,0.55,55.6,38,Opening,0,0.53,55.6,0.556,-0.02
8,3,Black,c6,book,inaccuracy,7,1.03,0.56,60.2,30,Opening,0,0.58,39.8,0.39799999999999996,0.47
8,4,White,Bg5,book,good,10,0.32,1.02,53.2,39,Opening,0,0.81,53.2,0.532,-0.7
8,4,Black,Qa5,good,good,5,0.51,0.32,54.3,30,Opening,0,0.3,45.7,0.457,0.19
8,5,White,Qd2,best,best,1,0.49,0.43,55.1,39,Opening,0,0.52,55.1,0.551,0.06
8,5,Black,Nbd7,best,best,1,0.49,0.51,53.6,41,Opening,0,0.49,46.4,0.46399999999999997,-0.02
8,6,White,Nf3,excellent,excellent,4,0.46,0.36,54.1,43,Opening,0,0.48,54.1,0.541,0.1
8,6,Black,e5,best,best,1,0.33,0.41,54.0,37,Opening,0,0.33,46.0,0.46,-0.08
8,7,White,dxe5,inaccuracy,inaccuracy,11,-0.36,0.4,46.4,42,Opening,0,0.42,46.4,0.46399999999999997,-0.76
8,7,Black,dxe5,best,best,1,-0.37,-0.36,47.0,36,Opening,1,-0.37,53.0,0.53,-0.01
8,8,White,Be2,inaccuracy,inaccuracy,11,-0.95,-0.3,40.5,45,Opening,0,-0.35,40.5,0.405,-0.65
8,8,Black,Be7,inaccuracy,inaccuracy,6,-0.38,-0.95,46.8,36,Opening,0,-1.04,53.2,0.532,0.57
8,9,White,O-O,best,best,1,-0.33,-0.32,47.2,46,Opening,0,-0.33,47.2,0.47200000000000003,-0.01
8,9,Black,O-O,good,inaccuracy,11,0.35,-0.28,53.5,40,Opening,0,-0.36,46.5,0.465,0.63
8,10,White,Qe1,good,inaccuracy,9,-0.38,0.35,46.4,46,Opening,0,0.46,46.4,0.46399999999999997,-0.73
8,10,Black,Nc5,mistake,mistake,11,1.52,-0.36,65.2,36,Opening,0,-0.37,34.8,0.348,1.88
8,11,White,Bd3,miss,mistake,9,-0.4,1.52,46.0,37,Opening,0,1.42,46.0,0.46,-1.92
8,11,Black,Nxd3,good,good,6,-0.18,-0.4,48.7,40,Opening,0,-0.42,51.3,0.513,0.22
8,12,White,cxd3,best,best,1,-0.17,-0.13,47.0,36,Opening,-3,-0.17,47.0,0.47,-0.04
8,12,Black,Bg4,excellent,excellent,3,-0.08,-0.3,49.8,39,Opening,0,-0.31,50.2,0.502,0.22
8,13,White,Nd2,good,good,2,-0.52,-0.02,44.4,35,Opening,0,0.02,44.4,0.444,-0.5
8,13,Black,h6,excellent,best,1,-0.6,-0.56,44.5,47,Opening,0,-0.6,55.5,0.555,-0.04
8,14,White,Nb3,good,inaccuracy,5,-1.21,-0.55,38.6,34,Opening,0,-0.53,38.6,0.386,-0.66
8,14,Black,Qc7,good,good,3,-0.79,-1.14,43.9,49,Opening,0,-1.16,56.1,0.561,0.35
8,15,White,Bd2,inaccuracy,inaccuracy,5,-1.28,-0.61,37.7,36,Opening,0,-0.6,37.7,0.377,-0.67
8,15,Black,Rad8,inaccuracy,good,4,-0.86,-1.23,38.5,45,Opening,0,-1.31,61.5,0.615,0.37
8,16,White,f3,inaccuracy,inaccuracy,5,-1.55,-1.15,33.5,32,Opening,0,-1.14,33.5,0.335,-0.4
8,16,Black,Bh5,mistake,mistake,4,-0.47,-1.65,45.6,43,Opening,0,-1.59,54.4,0.544,1.18
8,17,White,Qe3,excellent,good,2,-0.89,-0.44,42.1,37,Opening,0,-0.54,42.1,0.42100000000000004,-0.45
8,17,Black,b6,best,excellent,2,-0.75,-0.79,43.1,38,Opening,0,-0.75,56.9,0.569,0.04
8,18,White,Ne2,inaccuracy,inaccuracy,9,-1.19,-0.69,36.5,40,Opening,0,-0.82,36.5,0.365,-0.5
8,18,Black,a5,good,excellent,2,-1.15,-1.35,38.5,36,Opening,0,-1.2,61.5,0.615,0.2
8,19,White,Rad1,mistake,blunder,11,-3.63,-1.15,13.7,40,Opening,0,-1.17,13.7,0.13699999999999998,-2.48
8,19,Black,a4,great,great,1,-3.56,-3.63,11.5,36,Opening,0,-3.56,88.5,0.885,0.07
8,20,White,Nbc1,best,best,1,-3.77,-3.85,14.4,37,Opening,0,-3.77,14.4,0.14400000000000002,0.08
8,20,Black,Bc5,great,best,1,-3.58,-3.56,11.5,36,Opening,0,-3.58,88.5,0.885,-0.02
8,21,White,d4,best,best,1,-3.7,-3.85,17.7,26,Opening,0,-3.7,17.7,0.177,0.15
8,21,Black,exd4,inaccuracy,mistake,2,-2.34,-3.23,27.6,37,Opening,0,-3.84,72.4,0.7240000000000001,0.89
8,22,White,Qf4,mistake,mistake,2,-4.31,-2.24,9.8,33,Middlegame,-1,-2.41,9.8,0.098,-2.07
8,22,Black,d3+,great,great,1,-4.04,-4.08,9.7,37,Middlegame,-1,-4.04,90.3,0.903,0.04
8,23,White,Kh1,best,best,1,-4.13,-4.13,9.6,5,Middlegame,-1,-4.13,9.6,0.096,0.0
8,23,Black,Bd6,best,excellent,2,-4.19,-4.15,9.9,42,Middlegame,-1,-4.19,90.1,0.9009999999999999,-0.04
8,24,White,Qe3,good,inaccuracy,2,-4.33,-4.03,9.0,34,Middlegame,-1,-4.3,9.0,0.09,-0.3
8,24,Black,dxe2,best,best,1,-4.55,-4.41,9.3,37,Middlegame,-1,-4.55,90.7,0.907,-0.14
8,25,White,Nxe2,best,best,1,-4.52,-4.3,8.8,34,Middlegame,-4,-4.52,8.8,0.08800000000000001,-0.22
8,25,Black,Rfe8,best,best,1,-4.39,-4.48,8.9,36,Middlegame,-3,-4.97,91.1,0.9109999999999999,0.09
8,26,White,Qc3,good,inaccuracy,11,-5.28,-4.42,6.8,40,Middlegame,-3,-4.3,6.8,0.068,-0.86
8,26,Black,c5,good,mistake,9,-4.36,-5.28,9.3,40,Middlegame,-3,-5.24,90.7,0.907,0.92
8,27,White,Qc1,excellent,excellent,2,-4.69,-4.27,8.4,41,Middlegame,-3,-4.24,8.4,0.084,-0.42
8,27,Black,Be5,excellent,inaccuracy,9,-4.35,-4.63,9.6,38,Middlegame,-3,-4.6,90.4,0.904,0.28
8,28,White,b3,good,inaccuracy,10,-4.9,-4.17,7.7,32,Middlegame,-3,-4.2,7.7,0.077,-0.73
8,28,Black,axb3,excellent,good,3,-4.76,-4.9,8.4,45,Middlegame,-3,-4.96,91.6,0.9159999999999999,0.14
8,29,White,axb3,best,best,1,-4.84,-4.62,8.2,34,Middlegame,-4,-4.84,8.2,0.08199999999999999,-0.22
8,29,Black,Rd3,good,good,10,-4.18,-4.73,9.6,43,Middlegame,-3,-4.81,90.4,0.904,0.55
8,30,White,Qb1,excellent,inaccuracy,11,-4.92,-4.18,7.7,32,Middlegame,-3,-4.34,7.7,0.077,-0.74
8,30,Black,Red8,excellent,best,1,-5.12,-4.92,6.9,49,Middlegame,-3,-5.12,93.1,0.9309999999999999,-0.2
8,31,White,Qc2,inaccuracy,mistake,10,-6.2,-5.24,3.3,33,Middlegame,-3,-5.22,3.3,0.033,-0.96
8,31,Black,Qd6,good,inaccuracy,2,-5.85,-6.66,5.6,50,Middlegame,-3,-6.21,94.4,0.9440000000000001,0.81
8,32,White,Bc1,inaccuracy,mistake,11,-7.55,-5.77,1.1,37,Middlegame,-3,-5.97,1.1,0.011000000000000001,-1.78
8,32,Black,Rxd1,best,best,1,-7.56,-7.55,1.0,46,Middlegame,-3,-7.56,99.0,0.99,-0.01
8,33,White,Rxd1,good,blunder,8,-12.63,-7.59,0.0,31,Middlegame,-8,-7.82,0.0,0.0,-5.04
8,33,Black,Qxd1+,best,best,1,-9.19,-9.78,0.0,41,Middlegame,-3,-9.19,100.0,1.0,0.59
8,34,White,Qxd1,best,great,1,-9.63,-9.6,0.0,2,Middlegame,-8,-9.63,0.0,0.0,-0.03
8,34,Black,Rxd1+,best,best,1,-8.93,-9.04,0.0,38,Middlegame,1,-8.93,100.0,1.0,0.11
8,35,White,Ng1,forced,best,1,-9.21,-9.21,0.0,1,Middlegame,-8,-9.21,0.0,0.0,0.0
8,35,Black,Rxc1,best,excellent,2,-9.17,-9.02,0.0,37,Middlegame,-8,-9.19,100.0,1.0,-0.15
8,36,White,g3,mistake,blunder,6,-20.0,-8.88,0.0,6,Middlegame,-11,-9.15,0.0,0.0,-11.12
8,36,Black,Bd4,miss,best,1,-16.0,-20.0,0.0,34,Middlegame,-11,#-1,100.0,1.0,4.0
9,1,White,e4,book,best,1,0.43,0.47,54.5,20,Opening,0,0.43,54.5,0.545,-0.04
9,1,Black,d6,book,good,6,0.53,0.45,56.2,20,Opening,0,0.36,43.8,0.43799999999999994,0.08
9,2,White,Bc4,book,good,11,0.1,0.62,51.0,30,Opening,0,0.52,51.0,0.51,-0.52
9,2,Black,Nf6,book,best,1,0.0,0.1,50.5,27,Opening,0,0,49.5,0.495,-0.1
9,3,White,Nf3,inaccuracy,mistake,11,-1.04,0.05,39.6,34,Opening,0,0.11,39.6,0.396,-1.09
9,3,Black,Nxe4,best,great,1,-1.0,-1.04,38.2,30,Opening,0,-1,61.8,0.618,0.04
9,4,White,O-O,good,excellent,2,-1.1,-1.18,39.1,33,Opening,-1,-1.09,39.1,0.391,0.08
9,4,Black,Bg4,mistake,mistake,11,0.95,-1.09,59.5,33,Opening,-1,-1.16,40.5,0.405,2.04
9,5,White,Bxf7+,mistake,blunder,11,-2.85,0.95,21.5,29,Opening,-1,1.02,21.5,0.215,-3.8
9,5,Black,Kxf7,best,best,1,-2.99,-2.85,21.4,2,Opening,0,-2.99,78.6,0.7859999999999999,-0.14
9,6,White,Ng5+,excellent,best,1,-3.01,-2.86,21.6,22,Opening,-3,-2.9,21.6,0.21600000000000003,-0.15
9,6,Black,Nxg5,best,best,1,-2.99,-2.84,20.6,5,Opening,-3,-2.99,79.4,0.794,-0.15
9,7,White,Qxg4,best,best,1,-2.98,-2.94,21.5,21,Opening,-6,-2.98,21.5,0.215,-0.04
9,7,Black,e5,blunder,blunder,3,0.12,-2.85,49.9,27,Middlegame,-3,-2.85,50.1,0.501,2.97
9,8,White,Qf5+,miss,blunder,3,-2.26,-0.01,31.8,36,Middlegame,-3,0.14,31.8,0.318,-2.25
9,8,Black,Kg8,excellent,good,3,-1.88,-1.82,25.0,4,Middlegame,-3,-1.92,75.0,0.75,-0.06
9,9,White,d3,mistake,inaccuracy,3,-3.36,-2.5,17.6,35,Middlegame,-3,-1.77,17.6,0.17600000000000002,-0.86
9,9,Black,Qf6,blunder,blunder,11,1.16,-3.24,61.6,25,Middlegame,-3,-3.39,38.4,0.384,4.4
9,10,White,Qxg5,inaccuracy,mistake,2,0.12,1.16,49.9,36,Middlegame,-3,1.17,49.9,0.499,-1.04
9,10,Black,Qxg5,best,best,1,0.07,-0.01,50.6,27,Middlegame,0,0.07,49.4,0.494,0.08
9,11,White,Bxg5,best,best,1,-0.01,0.06,50.7,23,Middlegame,-9,-0.01,50.7,0.507,-0.07
9,11,Black,Nd7,excellent,excellent,3,0.1,0.07,51.1,16,Middlegame,0,0.04,48.9,0.489,0.03
9,12,White,Nc3,excellent,excellent,5,0.08,0.11,49.8,29,Middlegame,0,0.13,49.8,0.498,-0.03
9,12,Black,c6,best,best,1,-0.05,-0.02,50.0,21,Middlegame,0,-0.05,50.0,0.5,-0.03
9,13,White,f4,mistake,mistake,11,-1.23,0.0,37.7,36,Middlegame,0,0.1,37.7,0.377,-1.23
9,13,Black,Re8,miss,mistake,3,0.16,-1.23,52.0,21,Middlegame,0,-1.24,48.0,0.48,1.39
9,14,White,fxe5,excellent,excellent,2,0.02,0.2,51.6,35,Middlegame,0,0.2,51.6,0.516,-0.18
9,14,Black,Rxe5,best,best,1,0.12,0.16,51.3,23,Middlegame,1,0.12,48.7,0.48700000000000004,-0.04
9,15,White,Bf4,best,best,1,0.08,0.13,51.8,42,Middlegame,0,0.08,51.8,0.518,-0.05
9,15,Black,Rf5,good,good,3,0.42,0.18,54.8,30,Middlegame,0,0.13,45.2,0.452,0.24
9,16,White,Ne4,good,inaccuracy,11,0.06,0.48,50.6,36,Middlegame,0,0.44,50.6,0.506,-0.42
9,16,Black,d5,best,best,1,0.06,0.06,51.8,27,Middlegame,0,0.06,48.2,0.48200000000000004,0.0
9,17,White,Nd6,blunder,blunder,6,-3.1,0.18,20.4,41,Middlegame,0,0.02,20.4,0.204,-3.28
9,17,Black,Bxd6,miss,blunder,2,1.32,-2.96,64.7,23,Middlegame,0,-2.86,35.3,0.353,4.28
9,18,White,Bxd6,best,great,1,1.23,1.47,63.0,31,Middlegame,-3,1.23,63.0,0.63,-0.24
9,18,Black,Rxf1+,best,best,1,1.39,1.3,63.7,27,Middlegame,0,1.32,36.3,0.363,0.09
9,19,White,Rxf1,best,best,1,1.34,1.37,64.1,2,Middlegame,-5,1.34,64.1,0.6409999999999999,-0.03
9,19,Black,Nf6,inaccuracy,inaccuracy,3,2.22,1.41,71.5,16,Middlegame,0,1.45,28.5,0.285,0.81
9,20,White,g4,miss,mistake,2,0.8,2.15,59.9,33,Middlegame,0,2.1,59.9,0.599,-1.35
9,20,Black,h6,great,best,1,1.15,0.99,58.8,16,Middlegame,0,1.15,41.2,0.41200000000000003,0.16
9,21,White,h3,inaccuracy,inaccuracy,3,0.17,0.88,51.9,33,Middlegame,0,1.04,51.9,0.519,-0.71
9,21,Black,Kh7,excellent,excellent,2,0.32,0.19,52.6,18,Middlegame,0,0.12,47.4,0.474,0.13
9,22,White,Rf4,excellent,good,8,0.07,0.26,52.0,34,Middlegame,0,0.27,52.0,0.52,-0.19
9,22,Black,Kg6,best,best,1,0.06,0.2,51.9,24,Middlegame,0,0.06,48.1,0.48100000000000004,-0.14
9,23,White,h4,excellent,best,1,0.15,0.19,52.5,32,Middlegame,0,0.18,52.5,0.525,-0.04
9,23,Black,h5,best,best,2,0.2,0.25,52.0,26,Middlegame,0,0.15,48.0,0.48,-0.05
9,24,White,g5,good,inaccuracy,4,-0.47,0.2,43.1,32,Middlegame,0,0.23,43.1,0.431,-0.67
9,24,Black,Ng4,best,great,1,-0.62,-0.69,45.4,25,Middlegame,0,-0.62,54.6,0.546,0.07
9,25,White,Ra4,good,best,1,-0.9,-0.46,41.1,31,Middlegame,0,-0.8,41.1,0.41100000000000003,-0.44
9,25,Black,a6,excellent,best,1,-0.67,-0.89,41.9,27,Middlegame,0,-0.67,58.1,0.581,0.22
9,26,White,Bf4,mistake,mistake,7,-1.79,-0.81,31.5,29,Middlegame,0,-0.77,31.5,0.315,-0.98
9,26,Black,Re8,best,excellent,2,-1.77,-1.85,31.4,25,Middlegame,0,-1.78,68.6,0.6859999999999999,0.08
9,27,White,Kf1,good,good,2,-2.4,-1.86,29.3,25,Middlegame,0,-1.96,29.3,0.293,-0.54
9,27,Black,Ne3+,mistake,blunder,11,0.0,-2.07,50.0,30,Middlegame,0,-2.26,50.0,0.5,2.07
9,28,White,Bxe3,great,great,1,0.0,0.0,50.0,5,Middlegame,0,0,50.0,0.5,0.0
9,28,Black,Rxe3,best,best,1,0.0,0.0,49.7,22,Middlegame,3,0,50.3,0.503,0.0
9,29,White,Kf2,best,best,1,0.0,-0.03,50.0,18,Middlegame,0,0,50.0,0.5,0.03
9,29,Black,Re7,best,excellent,4,0.0,0.0,49.8,22,Middlegame,0,0,50.2,0.502,0.0
9,30,White,Kg3,mistake,mistake,11,-1.62,-0.02,33.8,20,Middlegame,0,-0.04,33.8,0.33799999999999997,-1.6
9,30,Black,Kf5,miss,mistake,11,0.0,-1.62,50.0,21,Middlegame,0,-1.68,50.0,0.5,1.62
9,31,White,Rf4+,best,best,1,0.0,0.0,49.9,21,Middlegame,0,0,49.9,0.499,0.0
9,31,Black,Kg6,best,best,1,-0.03,-0.01,50.0,4,Middlegame,0,-0.03,50.0,0.5,-0.02
9,32,White,Rf2,inaccuracy,inaccuracy,8,-0.91,0.0,41.1,26,Middlegame,0,0,41.1,0.41100000000000003,-0.91
9,32,Black,Rf7,inaccuracy,inaccuracy,11,0.0,-0.89,50.0,18,Middlegame,0,-0.81,50.0,0.5,0.89
9,33,White,Rxf7,best,best,1,0.04,0.0,50.0,21,Middlegame,0,0.04,50.0,0.5,0.04
9,33,Black,Kxf7,best,best,1,0.0,0.0,50.0,9,Middlegame,5,0,50.0,0.5,0.0
9,34,White,Kf4,best,best,1,0.0,0.0,50.0,15,Middlegame,0,0,50.0,0.5,0.0
9,34,Black,Ke6,great,best,1,0.0,0.0,50.0,13,Middlegame,0,0,50.0,0.5,0.0
9,35,White,d4,best,best,4,0.0,0.0,50.0,13,Middlegame,0,0,50.0,0.5,0.0
9,35,Black,g6,best,best,3,0.0,0.0,50.0,10,Middlegame,0,0,50.0,0.5,0.0
9,36,White,c3,best,best,8,0.0,0.0,50.0,11,Middlegame,0,0,50.0,0.5,0.0
9,36,Black,b6,best,best,3,0.0,0.0,50.0,9,Middlegame,0,0,50.0,0.5,0.0
9,37,White,b3,best,best,3,0.0,0.0,50.0,10,Middlegame,0,0,50.0,0.5,0.0
9,37,Black,a5,best,best,1,0.0,0.0,50.0,8,Middlegame,0,0,50.0,0.5,0.0
9,38,White,a4,best,best,5,0.0,0.0,50.0,9,Middlegame,0,0,50.0,0.5,0.0
9,38,Black,b5,best,best,1,0.0,0.0,50.0,7,Middlegame,0,0,50.0,0.5,0.0
9,39,White,axb5,mistake,blunder,4,-6.58,0.0,7.1,8,Middlegame,0,0,7.1,0.071,-6.58
9,39,Black,cxb5,best,best,1,-5.01,-5.18,6.1,8,Middlegame,1,-5.01,93.9,0.9390000000000001,0.17
9,40,White,Kg3,inaccuracy,blunder,2,-9.67,-5.57,2.2,7,Endgame,0,-5.95,2.2,0.022000000000000002,-4.1
9,40,Black,Kf5,excellent,good,3,-8.22,-7.13,0.0,9,Endgame,0,-8.22,100.0,1.0,-1.09
9,41,White,Kh3,good,good,4,-10.8,-8.19,0.5,7,Endgame,0,-10.37,0.5,0.005,-2.61
9,41,Black,a4,excellent,inaccuracy,4,-9.83,-7.78,0.0,7,Endgame,0,-10.49,100.0,1.0,-2.05
9,42,White,bxa4,best,best,1,-10.63,-8.09,0.8,6,Endgame,0,-10.18,0.8,0.008,-2.54
9,42,Black,bxa4,best,best,1,-6.87,-7.68,0.0,7,Endgame,1,-6.87,100.0,1.0,0.81
10,1,White,d3,book,inaccuracy,10,-0.06,0.47,48.4,20,Opening,0,0.43,48.4,0.484,-0.53
10,1,Black,c5,book,excellent,4,0.07,-0.16,49.6,20,Opening,0,-0.09,50.4,0.504,0.23
10,2,White,c3,good,good,6,-0.25,-0.04,47.2,27,Opening,0,0.01,47.2,0.47200000000000003,-0.21
10,2,Black,d6,good,good,10,0.25,-0.28,51.8,22,Opening,0,-0.18,48.2,0.48200000000000004,0.53
10,3,White,Qc2,inaccuracy,inaccuracy,11,-0.45,0.18,45.5,28,Opening,0,0.27,45.5,0.455,-0.63
10,3,Black,g6,excellent,good,6,-0.25,-0.45,48.8,29,Opening,0,-0.38,51.2,0.512,0.2
10,4,White,e4,excellent,excellent,5,-0.18,-0.12,47.3,29,Opening,0,-0.18,47.3,0.473,-0.06
10,4,Black,Bg7,best,best,1,-0.22,-0.27,47.5,30,Opening,0,-0.22,52.5,0.525,0.05
10,5,White,Nf3,best,best,1,-0.29,-0.25,47.7,32,Opening,0,-0.27,47.7,0.47700000000000004,-0.04
10,5,Black,Nc6,good,excellent,2,-0.14,-0.23,48.5,35,Opening,0,-0.27,51.5,0.515,0.09
10,6,White,Be2,good,good,5,-0.36,-0.15,48.2,34,Opening,0,-0.04,48.2,0.48200000000000004,-0.21
10,6,Black,Nf6,excellent,best,1,-0.24,-0.18,48.5,38,Opening,0,-0.41,51.5,0.515,-0.06
10,7,White,Be3,good,excellent,3,-0.35,-0.15,46.2,36,Opening,0,-0.34,46.2,0.462,-0.2
10,7,Black,O-O,excellent,excellent,2,-0.36,-0.38,46.9,39,Opening,0,-0.42,53.1,0.531,0.02
10,8,White,h3,excellent,excellent,3,-0.44,-0.31,45.7,39,Opening,0,-0.36,45.7,0.457,-0.13
10,8,Black,a6,good,good,5,0.07,-0.43,50.3,37,Opening,0,-0.4,49.7,0.49700000000000005,0.5
10,9,White,Nbd2,good,good,4,-0.2,0.03,48.6,40,Opening,0,-0.05,48.6,0.486,-0.23
10,9,Black,b5,good,inaccuracy,9,0.36,-0.14,54.1,38,Opening,0,-0.2,45.9,0.45899999999999996,0.5
10,10,White,O-O,excellent,good,3,0.05,0.41,51.5,42,Opening,0,0.29,51.5,0.515,-0.36
10,10,Black,b4,inaccuracy,inaccuracy,11,0.96,0.15,59.6,38,Opening,0,0.05,40.4,0.40399999999999997,0.81
10,11,White,a3,inaccuracy,good,2,0.57,0.96,55.4,40,Opening,0,0.92,55.4,0.5539999999999999,-0.39
10,11,Black,a5,inaccuracy,good,5,1.0,0.54,60.3,39,Opening,0,0.52,39.7,0.397,0.46
10,12,White,cxb4,inaccuracy,mistake,11,-0.04,1.03,49.6,41,Opening,0,1,49.6,0.496,-1.07
10,12,Black,axb4,best,best,1,-0.02,-0.04,48.4,39,Opening,1,-0.02,51.6,0.516,0.02
10,13,White,a4,mistake,mistake,11,-1.14,-0.16,38.6,42,Opening,0,-0.09,38.6,0.386,-0.98
10,13,Black,Ba6,best,best,1,-1.17,-1.14,38.9,40,Opening,0,-1.17,61.1,0.611,-0.03
10,14,White,Ra2,inaccuracy,good,11,-1.38,-1.11,36.2,41,Opening,0,-1.09,36.2,0.36200000000000004,-0.27
10,14,Black,Rb8,inaccuracy,excellent,8,-1.29,-1.38,36.1,38,Opening,0,-1.37,63.9,0.639,0.09
10,15,White,b3,inaccuracy,good,5,-1.56,-1.39,33.4,38,Opening,0,-1.3,33.4,0.33399999999999996,-0.17
10,15,Black,Nd7,inaccuracy,good,9,-1.16,-1.66,38.7,37,Opening,0,-1.58,61.3,0.613,0.5
10,16,White,Nc4,best,best,1,-1.13,-1.13,37.4,37,Opening,0,-1.13,37.4,0.374,0.0
10,16,Black,Bxc4,inaccuracy,inaccuracy,11,-0.5,-1.26,45.0,39,Opening,0,-1.25,55.0,0.55,0.76
10,17,White,dxc4,best,best,1,-0.43,-0.5,45.6,40,Opening,-3,-0.43,45.6,0.456,0.07
10,17,Black,Rc8,excellent,good,10,-0.29,-0.44,47.1,35,Opening,0,-0.58,52.9,0.529,0.15
10,18,White,Rd1,good,good,8,-0.5,-0.29,45.0,38,Opening,0,-0.36,45.0,0.45,-0.21
10,18,Black,Na5,good,good,11,-0.1,-0.5,49.0,34,Opening,0,-0.47,51.0,0.51,0.4
10,19,White,Bf4,good,good,11,-0.54,-0.1,44.6,42,Opening,0,-0.07,44.6,0.446,-0.44
10,19,Black,Kh8,inaccuracy,inaccuracy,4,0.23,-0.54,52.3,33,Opening,0,-0.56,47.7,0.47700000000000004,0.77
10,20,White,Ng5,inaccuracy,inaccuracy,11,-0.52,0.23,44.8,44,Opening,0,0.09,44.8,0.44799999999999995,-0.75
10,20,Black,Ne5,excellent,excellent,4,-0.44,-0.52,44.7,32,Opening,0,-0.54,55.3,0.5529999999999999,0.08
10,21,White,Bxe5,good,good,11,-0.9,-0.53,41.0,41,Opening,0,-0.45,41.0,0.41,-0.37
10,21,Black,Bxe5,best,best,1,-0.91,-0.9,41.9,24,Middlegame,3,-0.91,58.1,0.581,-0.01
10,22,White,g3,excellent,best,1,-0.98,-0.81,41.9,35,Middlegame,0,-0.9,41.9,0.419,-0.17
10,22,Black,Bd4,excellent,excellent,6,-0.79,-0.81,42.0,30,Middlegame,0,-0.9,58.0,0.58,0.02
10,23,White,Kg2,excellent,best,1,-0.86,-0.8,42.2,33,Middlegame,0,-0.71,42.2,0.42200000000000004,-0.06
10,23,Black,h6,excellent,inaccuracy,10,-0.57,-0.78,46.6,31,Middlegame,0,-0.89,53.4,0.534,0.21
10,24,White,Nf3,best,best,1,-0.38,-0.34,45.4,38,Middlegame,0,-0.38,45.4,0.45399999999999996,-0.04
10,24,Black,Bg7,inaccuracy,mistake,5,0.62,-0.46,55.0,32,Middlegame,0,-0.48,45.0,0.45,1.08
10,25,White,e5,best,great,1,0.53,0.5,56.4,38,Middlegame,0,0.53,56.4,0.564,0.03
10,25,Black,Qc7,inaccuracy,excellent,4,0.63,0.64,55.8,25,Middlegame,0,0.53,44.2,0.442,-0.01
10,26,White,e6,mistake,excellent,2,0.75,0.58,55.5,41,Middlegame,0,0.75,55.5,0.555,0.17
10,26,Black,f5,best,best,1,0.8,0.55,54.9,32,Middlegame,0,0.8,45.1,0.451,0.25
10,27,White,Nh4,best,best,1,0.48,0.49,55.9,39,Middlegame,0,0.48,55.9,0.5589999999999999,-0.01
10,27,Black,Kh7,mistake,mistake,3,2.08,0.59,68.6,32,Middlegame,0,0.58,31.400000000000006,0.31400000000000006,1.49
10,28,White,g4,best,best,1,1.85,1.86,70.5,39,Middlegame,0,1.85,70.5,0.705,-0.01
10,28,Black,fxg4,mistake,blunder,11,5.75,2.05,94.4,35,Middlegame,0,2.02,5.599999999999994,0.055999999999999946,3.7
10,29,White,Nxg6,miss,blunder,2,2.55,5.75,74.6,39,Middlegame,-1,5.71,74.6,0.746,-3.2
10,29,Black,Qc6+,mistake,blunder,7,5.37,2.46,92.7,37,Middlegame,0,2.53,7.299999999999997,0.07299999999999997,2.91
10,30,White,f3,inaccuracy,mistake,3,3.03,5.06,85.9,8,Middlegame,0,4.88,85.9,0.8590000000000001,-2.03
10,30,Black,gxf3+,best,great,1,3.52,3.59,77.8,42,Middlegame,0,3.52,22.200000000000003,0.22200000000000003,-0.07
10,31,White,Kh2,inaccuracy,mistake,4,1.69,2.78,77.3,39,Middlegame,-1,3.16,77.3,0.773,-1.09
